customerID,gender,SeniorCitizen,Partner,Dependents,tenure,PhoneService,MultipleLines,InternetService,OnlineSecurity,OnlineBackup,DeviceProtection,TechSupport,StreamingTV,StreamingMovies,Contract,PaperlessBilling,PaymentMethod,MonthlyCharges,TotalCharges,Churn
CUST00000,Male,0,Yes,No,36,Yes,Yes,Fiber optic,Yes,No,Yes,Yes,Yes,Yes,Month-to-month,No,Mailed check,60.44,2206.3,Yes
CUST00001,Female,0,Yes,No,0,Yes,Yes,Fiber optic,Yes,No,No,No,Yes,Yes,Two year,Yes,Electronic check,51.4,20.21,No
CUST00002,Female,0,Yes,No,42,Yes,Yes,Fiber optic,Yes,No,Yes,No,No,Yes,One year,Yes,Mailed check,56.05,2364.95,Yes
CUST00003,Female,0,No,No,4,Yes,No,DSL,No,Yes,No,No,Yes,No,One year,No,Electronic check,22.74,109.97,Yes
CUST00004,Male,0,No,Yes,1,Yes,No,No,No internet service,No internet service,No internet service,No internet service,No internet service,No internet service,One year,Yes,Bank transfer (automatic),25.66,0.0,No
CUST00005,Male,0,Yes,Yes,2,Yes,No,DSL,No,Yes,No,No,No,Yes,Month-to-month,Yes,Bank transfer (automatic),48.2,104.28,Yes
CUST00006,Female,0,No,No,2,Yes,Yes,Fiber optic,Yes,Yes,Yes,Yes,Yes,No,One year,Yes,Credit card (automatic),47.4,88.97,No
CUST00007,Female,0,No,No,1,Yes,Yes,Fiber optic,No,No,Yes,No,No,Yes,Month-to-month,No,Bank transfer (automatic),47.53,47.42,No
CUST00008,Male,0,No,Yes,13,Yes,Yes,DSL,Yes,Yes,No,No,Yes,Yes,Two year,No,Bank transfer (automatic),38.64,463.13,No
CUST00009,Male,0,Yes,No,41,No,No phone service,DSL,No,Yes,Yes,Yes,No,Yes,Month-to-month,No,Credit card (automatic),34.29,1423.53,No
CUST00010,Male,0,No,No,2,Yes,No,Fiber optic,No,No,No,Yes,Yes,Yes,Month-to-month,Yes,Mailed check,49.82,93.62,Yes
CUST00011,Male,0,Yes,No,21,Yes,Yes,No,No internet service,No internet service,No internet service,No internet service,No internet service,No internet service,Two year,Yes,Mailed check,27.47,559.26,No
CUST00012,Female,0,No,Yes,19,Yes,No,DSL,No,No,Yes,Yes,Yes,No,Month-to-month,Yes,Electronic check,35.42,685.21,Yes
CUST00013,Male,0,Yes,No,14,Yes,Yes,DSL,Yes,No,Yes,No,Yes,No,Month-to-month,No,Electronic check,42.27,606.88,Yes
CUST00014,Female,0,No,No,1,Yes,Yes,No,No internet service,No internet service,No internet service,No internet service,No internet service,No internet service,Two year,No,Mailed check,31.86,51.37,No
CUST00015,Female,0,No,Yes,4,Yes,Yes,DSL,Yes,No,No,No,No,No,One year,No,Credit card (automatic),41.7,148.84,No
CUST00016,Male,1,Yes,Yes,7,Yes,Yes,Fiber optic,Yes,Yes,No,Yes,Yes,Yes,Two year,Yes,Electronic check,53.21,359.57,No
CUST00017,Male,0,No,No,17,Yes,Yes,Fiber optic,No,No,No,Yes,No,Yes,Month-to-month,Yes,Bank transfer (automatic),70.26,1176.01,Yes
CUST00018,Female,0,Yes,No,1,Yes,No,Fiber optic,Yes,Yes,Yes,No,Yes,No,Two year,No,Bank transfer (automatic),50.64,44.66,Yes
CUST00019,Female,0,Yes,No,28,Yes,Yes,Fiber optic,No,Yes,Yes,No,Yes,Yes,One year,Yes,Bank transfer (automatic),52.93,1452.14,No
CUST00020,Male,0,No,Yes,0,Yes,No,Fiber optic,No,Yes,Yes,No,No,Yes,Month-to-month,No,Bank transfer (automatic),45.96,0.0,No
CUST00021,Male,0,No,No,12,Yes,Yes,DSL,Yes,Yes,No,Yes,No,Yes,Month-to-month,Yes,Electronic check,38.69,470.57,Yes
CUST00022,Female,1,Yes,Yes,9,Yes,No,No,No internet service,No internet service,No internet service,No internet service,No internet service,No internet service,One year,No,Mailed check,28.29,248.06,No
CUST00023,Male,0,No,No,20,Yes,Yes,DSL,No,No,Yes,No,Yes,Yes,Month-to-month,Yes,Credit card (automatic),25.72,521.31,Yes
CUST00024,Male,0,Yes,No,4,Yes,Yes,DSL,Yes,No,No,No,Yes,No,Month-to-month,Yes,Bank transfer (automatic),34.99,148.04,Yes
CUST00025,Male,0,Yes,No,5,Yes,No,DSL,No,No,No,No,Yes,No,Two year,Yes,Electronic check,35.91,146.08,Yes
CUST00026,Female,0,Yes,No,0,Yes,Yes,Fiber optic,Yes,No,No,Yes,No,No,One year,Yes,Bank transfer (automatic),50.3,49.26,Yes
CUST00027,Male,0,Yes,No,28,Yes,Yes,Fiber optic,No,No,Yes,No,No,Yes,Month-to-month,Yes,Bank transfer (automatic),52.73,1468.01,No
CUST00028,Female,1,No,No,3,Yes,Yes,Fiber optic,No,No,Yes,Yes,No,Yes,Two year,Yes,Electronic check,56.31,183.97,Yes
CUST00029,Male,0,No,No,5,Yes,No,Fiber optic,Yes,No,No,No,Yes,Yes,One year,Yes,Electronic check,58.03,318.0,No
CUST00030,Female,0,Yes,No,21,Yes,No,DSL,Yes,Yes,No,Yes,No,No,Two year,No,Credit card (automatic),34.25,707.92,Yes
CUST00031,Female,0,No,No,13,Yes,No,Fiber optic,No,No,Yes,No,No,Yes,One year,Yes,Bank transfer (automatic),52.65,677.14,No
CUST00032,Female,0,No,Yes,2,Yes,No,Fiber optic,Yes,Yes,No,No,No,No,Month-to-month,Yes,Credit card (automatic),45.8,122.6,No
CUST00033,Female,0,No,No,5,Yes,No,Fiber optic,No,No,No,No,Yes,No,Month-to-month,Yes,Electronic check,49.22,257.22,No
CUST00034,Female,0,Yes,No,9,Yes,Yes,No,No internet service,No internet service,No internet service,No internet service,No internet service,No internet service,Two year,No,Electronic check,23.76,217.53,Yes
CUST00035,Female,1,No,No,27,Yes,No,DSL,No,Yes,Yes,No,No,No,Month-to-month,Yes,Credit card (automatic),33.2,920.21,Yes
CUST00036,Female,0,No,No,27,Yes,Yes,Fiber optic,Yes,No,Yes,Yes,Yes,Yes,Two year,Yes,Electronic check,56.65,1536.48,No
CUST00037,Male,0,Yes,No,2,Yes,Yes,Fiber optic,No,No,Yes,Yes,Yes,No,Month-to-month,Yes,Bank transfer (automatic),51.53,120.01,Yes
CUST00038,Female,0,Yes,No,13,Yes,Yes,DSL,No,Yes,Yes,No,No,No,Month-to-month,No,Electronic check,46.93,619.57,No
CUST00039,Female,0,No,Yes,14,No,No phone service,Fiber optic,No,Yes,No,Yes,No,No,Month-to-month,No,Bank transfer (automatic),39.04,523.95,No
CUST00040,Female,0,No,No,22,Yes,No,DSL,No,No,No,Yes,No,No,Month-to-month,Yes,Bank transfer (automatic),43.51,995.16,Yes
CUST00041,Female,0,Yes,No,3,Yes,Yes,Fiber optic,Yes,Yes,Yes,No,No,Yes,One year,No,Credit card (automatic),54.99,160.18,No
CUST00042,Female,0,No,Yes,8,Yes,Yes,DSL,No,No,No,No,No,No,One year,Yes,Bank transfer (automatic),35.28,336.64,No
CUST00043,Male,0,Yes,Yes,3,Yes,Yes,DSL,No,No,No,Yes,Yes,No,Month-to-month,Yes,Electronic check,35.81,104.68,Yes
CUST00044,Male,1,Yes,No,36,Yes,Yes,Fiber optic,No,Yes,Yes,No,No,No,Month-to-month,Yes,Electronic check,56.08,2033.16,Yes
CUST00045,Female,1,No,No,6,Yes,No,Fiber optic,Yes,Yes,Yes,No,Yes,Yes,Month-to-month,No,Mailed check,48.94,309.18,Yes
CUST00046,Female,1,No,No,4,Yes,No,DSL,Yes,Yes,Yes,Yes,No,Yes,Month-to-month,Yes,Electronic check,36.87,122.57,No
CUST00047,Male,0,Yes,No,10,Yes,No,DSL,No,No,No,Yes,Yes,No,One year,No,Mailed check,38.15,365.32,No
CUST00048,Female,0,Yes,Yes,8,Yes,No,No,No internet service,No internet service,No internet service,No internet service,No internet service,No internet service,Month-to-month,Yes,Bank transfer (automatic),33.39,278.34,No
CUST00049,Female,0,No,No,5,Yes,No,No,No internet service,No internet service,No internet service,No internet service,No internet service,No internet service,Month-to-month,Yes,Electronic check,35.53,165.57,No
CUST00050,Male,1,No,No,29,Yes,Yes,DSL,Yes,No,Yes,Yes,No,No,Two year,Yes,Credit card (automatic),43.38,1335.07,No
CUST00051,Female,0,No,No,14,Yes,No,Fiber optic,Yes,No,No,No,No,No,Two year,Yes,Credit card (automatic),53.96,758.96,No
CUST00052,Male,0,Yes,No,1,No,No phone service,Fiber optic,Yes,No,No,Yes,Yes,No,One year,Yes,Credit card (automatic),37.77,39.41,No
CUST00053,Male,0,Yes,No,4,No,No phone service,Fiber optic,No,Yes,Yes,Yes,Yes,No,One year,Yes,Electronic check,38.73,156.52,Yes
CUST00054,Male,0,No,No,5,Yes,Yes,Fiber optic,Yes,No,No,No,No,No,Two year,Yes,Mailed check,51.32,235.05,No
CUST00055,Female,0,Yes,No,11,Yes,Yes,No,No internet service,No internet service,No internet service,No internet service,No internet service,No internet service,Month-to-month,No,Credit card (automatic),44.15,522.52,No
CUST00056,Female,0,No,No,44,Yes,No,Fiber optic,No,Yes,No,No,No,No,One year,Yes,Credit card (automatic),48.67,2145.21,No
CUST00057,Female,0,No,No,6,Yes,No,DSL,No,Yes,No,No,No,No,Two year,No,Mailed check,32.34,227.27,No
CUST00058,Female,0,No,Yes,3,No,No phone service,DSL,Yes,No,Yes,No,Yes,Yes,Month-to-month,No,Mailed check,34.43,111.39,No
CUST00059,Male,0,No,No,37,Yes,No,Fiber optic,No,No,No,No,Yes,Yes,Month-to-month,No,Bank transfer (automatic),59.29,2226.76,No
CUST00060,Male,0,No,No,3,Yes,Yes,Fiber optic,No,Yes,Yes,No,Yes,No,Month-to-month,Yes,Mailed check,56.93,156.64,Yes
CUST00061,Female,0,No,No,0,Yes,Yes,Fiber optic,No,Yes,No,Yes,Yes,No,One year,Yes,Electronic check,48.81,37.44,Yes
CUST00062,Female,0,No,No,7,Yes,No,No,No internet service,No internet service,No internet service,No internet service,No internet service,No internet service,Two year,Yes,Credit card (automatic),30.14,186.02,No
CUST00063,Female,0,No,No,12,No,No phone service,No,No internet service,No internet service,No internet service,No internet service,No internet service,No internet service,Month-to-month,Yes,Bank transfer (automatic),21.76,251.81,No
CUST00064,Female,0,No,No,23,No,No phone service,Fiber optic,No,Yes,Yes,No,No,Yes,One year,Yes,Mailed check,39.69,922.11,Yes
CUST00065,Female,0,No,No,0,Yes,Yes,Fiber optic,Yes,No,No,Yes,No,Yes,Month-to-month,Yes,Credit card (automatic),53.24,2.52,No
CUST00066,Male,0,Yes,No,12,Yes,No,Fiber optic,No,Yes,No,No,No,No,Two year,Yes,Electronic check,63.07,717.8,No
CUST00067,Male,0,No,Yes,38,Yes,No,No,No internet service,No internet service,No internet service,No internet service,No internet service,No internet service,Two year,Yes,Credit card (automatic),35.17,1340.61,No
CUST00068,Male,1,Yes,Yes,0,Yes,No,Fiber optic,No,Yes,Yes,No,Yes,No,Two year,Yes,Electronic check,47.05,16.99,Yes
CUST00069,Female,0,No,No,11,Yes,Yes,DSL,Yes,No,No,Yes,Yes,Yes,Two year,Yes,Credit card (automatic),39.01,440.74,No
CUST00070,Female,0,No,No,2,No,No phone service,Fiber optic,Yes,No,Yes,No,No,No,Month-to-month,Yes,Credit card (automatic),44.14,100.49,No
CUST00071,Female,0,No,No,5,Yes,No,Fiber optic,No,Yes,No,No,Yes,Yes,Two year,No,Electronic check,47.65,261.49,No
CUST00072,Male,1,No,No,6,Yes,No,DSL,Yes,Yes,Yes,Yes,Yes,Yes,Month-to-month,Yes,Electronic check,40.33,258.25,Yes
CUST00073,Female,1,No,Yes,8,Yes,No,Fiber optic,Yes,Yes,Yes,Yes,No,Yes,One year,Yes,Bank transfer (automatic),48.98,410.82,No
CUST00074,Male,0,Yes,No,0,Yes,Yes,Fiber optic,No,Yes,No,Yes,Yes,No,Month-to-month,No,Electronic check,51.62,0.0,No
CUST00075,Female,0,No,No,11,Yes,No,DSL,Yes,No,Yes,Yes,Yes,No,One year,Yes,Bank transfer (automatic),28.24,301.7,No
CUST00076,Female,0,No,No,16,Yes,No,DSL,Yes,Yes,No,No,Yes,No,Month-to-month,Yes,Credit card (automatic),41.32,673.69,Yes
CUST00077,Male,0,Yes,No,0,Yes,Yes,Fiber optic,No,Yes,Yes,Yes,Yes,No,Month-to-month,No,Mailed check,39.55,35.41,No
CUST00078,Male,0,No,No,1,Yes,Yes,Fiber optic,No,Yes,No,No,No,Yes,One year,Yes,Credit card (automatic),52.26,40.99,No
CUST00079,Male,0,No,No,1,Yes,Yes,Fiber optic,Yes,No,Yes,No,Yes,Yes,Month-to-month,No,Bank transfer (automatic),48.03,52.11,No
CUST00080,Female,0,Yes,No,1,Yes,No,DSL,Yes,Yes,Yes,No,No,No,Month-to-month,Yes,Bank transfer (automatic),27.96,0.0,No
CUST00081,Male,1,No,Yes,51,Yes,Yes,Fiber optic,No,No,No,No,No,No,Month-to-month,No,Electronic check,56.88,2928.08,Yes
CUST00082,Female,0,No,No,9,Yes,No,Fiber optic,No,Yes,Yes,No,Yes,Yes,Month-to-month,No,Mailed check,56.09,501.61,Yes
CUST00083,Female,0,Yes,Yes,0,Yes,No,DSL,No,Yes,No,Yes,No,Yes,Month-to-month,Yes,Electronic check,31.59,0.0,Yes
CUST00084,Female,0,No,No,12,Yes,No,DSL,No,Yes,No,Yes,No,No,Month-to-month,No,Mailed check,40.0,510.65,No
CUST00085,Female,0,No,No,4,Yes,No,Fiber optic,Yes,No,Yes,Yes,Yes,Yes,Two year,Yes,Mailed check,49.08,205.47,No
CUST00086,Male,0,Yes,No,42,Yes,Yes,Fiber optic,Yes,Yes,No,No,No,No,Two year,No,Mailed check,59.52,2500.09,Yes
CUST00087,Female,0,Yes,No,41,Yes,No,Fiber optic,No,Yes,No,No,No,Yes,Month-to-month,No,Electronic check,69.58,2860.9,No
CUST00088,Male,0,No,No,11,Yes,Yes,Fiber optic,Yes,No,No,Yes,Yes,No,Month-to-month,No,Bank transfer (automatic),56.56,625.83,Yes
CUST00089,Male,0,No,Yes,36,Yes,No,No,No internet service,No internet service,No internet service,No internet service,No internet service,No internet service,Month-to-month,No,Bank transfer (automatic),36.65,1338.93,No
CUST00090,Female,0,No,No,2,Yes,Yes,Fiber optic,No,Yes,No,Yes,No,No,Month-to-month,No,Mailed check,39.78,69.04,No
CUST00091,Female,0,Yes,No,43,No,No phone service,DSL,No,Yes,Yes,No,No,No,Two year,No,Electronic check,24.04,1040.97,No
CUST00092,Female,0,No,Yes,2,Yes,Yes,DSL,No,Yes,Yes,Yes,Yes,Yes,Month-to-month,No,Electronic check,28.8,94.23,No
CUST00093,Female,1,No,No,0,Yes,Yes,DSL,Yes,No,Yes,No,No,Yes,Two year,No,Credit card (automatic),34.63,0.0,No
CUST00094,Male,1,No,No,1,Yes,No,No,No internet service,No internet service,No internet service,No internet service,No internet service,No internet service,Month-to-month,No,Credit card (automatic),21.63,48.71,No
CUST00095,Female,1,No,No,21,Yes,No,No,No internet service,No internet service,No internet service,No internet service,No internet service,No internet service,Two year,No,Mailed check,21.94,442.71,No
CUST00096,Female,0,Yes,No,24,Yes,Yes,Fiber optic,Yes,No,Yes,Yes,No,No,Two year,Yes,Credit card (automatic),54.83,1316.86,No
CUST00097,Male,1,No,Yes,22,Yes,No,No,No internet service,No internet service,No internet service,No internet service,No internet service,No internet service,Month-to-month,Yes,Bank transfer (automatic),32.83,690.28,Yes
CUST00098,Male,1,Yes,Yes,11,Yes,No,No,No internet service,No internet service,No internet service,No internet service,No internet service,No internet service,Two year,No,Mailed check,35.76,370.87,No
CUST00099,Male,0,Yes,No,1,Yes,Yes,Fiber optic,No,No,Yes,Yes,Yes,No,Month-to-month,Yes,Credit card (automatic),51.41,92.36,No
CUST00100,Male,0,No,Yes,22,Yes,Yes,Fiber optic,No,Yes,Yes,No,Yes,Yes,One year,Yes,Electronic check,64.7,1458.51,No
CUST00101,Female,0,Yes,No,1,Yes,Yes,Fiber optic,No,Yes,Yes,No,No,Yes,One year,No,Bank transfer (automatic),57.65,75.21,Yes
CUST00102,Male,0,Yes,Yes,0,Yes,Yes,Fiber optic,No,Yes,Yes,No,No,Yes,Two year,No,Credit card (automatic),55.29,0.0,No
CUST00103,Male,0,No,Yes,28,Yes,No,DSL,Yes,Yes,Yes,Yes,No,No,Month-to-month,No,Credit card (automatic),41.6,1121.38,No
CUST00104,Female,0,Yes,No,11,Yes,Yes,No,No internet service,No internet service,No internet service,No internet service,No internet service,No internet service,Month-to-month,Yes,Bank transfer (automatic),23.68,259.37,No
CUST00105,Female,1,No,No,8,Yes,No,DSL,Yes,No,No,No,No,Yes,One year,Yes,Mailed check,42.21,308.86,No
CUST00106,Female,0,Yes,Yes,1,Yes,No,Fiber optic,No,Yes,No,No,No,Yes,One year,No,Credit card (automatic),52.03,33.23,Yes
CUST00107,Female,0,No,No,27,Yes,No,Fiber optic,Yes,Yes,Yes,No,Yes,Yes,Month-to-month,No,Bank transfer (automatic),65.68,1766.97,Yes
CUST00108,Female,0,Yes,No,0,Yes,No,No,No internet service,No internet service,No internet service,No internet service,No internet service,No internet service,Month-to-month,No,Mailed check,27.35,0.0,Yes
CUST00109,Female,0,Yes,No,1,Yes,Yes,DSL,Yes,No,No,Yes,No,No,One year,Yes,Bank transfer (automatic),28.03,24.2,No
CUST00110,Female,0,Yes,Yes,14,Yes,Yes,No,No internet service,No internet service,No internet service,No internet service,No internet service,No internet service,Month-to-month,Yes,Bank transfer (automatic),29.3,414.48,No
CUST00111,Female,1,No,No,0,Yes,No,No,No internet service,No internet service,No internet service,No internet service,No internet service,No internet service,One year,No,Mailed check,34.26,0.0,No
CUST00112,Female,0,No,Yes,2,Yes,Yes,DSL,No,Yes,No,No,No,Yes,One year,Yes,Bank transfer (automatic),34.02,22.0,No
CUST00113,Female,0,No,No,7,Yes,No,No,No internet service,No internet service,No internet service,No internet service,No internet service,No internet service,Month-to-month,No,Electronic check,35.66,229.86,No
CUST00114,Female,0,No,No,9,Yes,Yes,Fiber optic,Yes,No,Yes,Yes,Yes,No,Month-to-month,Yes,Mailed check,51.16,441.33,No
CUST00115,Female,0,No,No,3,Yes,Yes,DSL,No,Yes,No,Yes,Yes,Yes,Month-to-month,No,Bank transfer (automatic),34.67,103.05,Yes
CUST00116,Male,0,No,Yes,4,Yes,No,Fiber optic,No,Yes,No,No,No,No,Month-to-month,No,Credit card (automatic),59.24,254.59,No
CUST00117,Female,0,No,No,1,Yes,No,Fiber optic,Yes,No,Yes,No,No,No,Two year,Yes,Bank transfer (automatic),62.07,82.36,No
CUST00118,Male,0,Yes,No,1,Yes,Yes,DSL,Yes,No,No,No,Yes,Yes,Two year,No,Bank transfer (automatic),30.82,3.16,No
CUST00119,Male,0,No,No,5,Yes,No,No,No internet service,No internet service,No internet service,No internet service,No internet service,No internet service,Month-to-month,Yes,Credit card (automatic),31.14,158.25,Yes
CUST00120,Female,0,No,Yes,1,Yes,Yes,DSL,No,No,Yes,Yes,No,Yes,Two year,No,Credit card (automatic),31.95,22.21,Yes
CUST00121,Female,0,Yes,Yes,2,Yes,No,Fiber optic,Yes,No,No,No,Yes,Yes,Two year,Yes,Bank transfer (automatic),37.89,89.47,No
CUST00122,Female,0,No,Yes,6,Yes,Yes,DSL,Yes,No,No,No,Yes,Yes,Month-to-month,No,Mailed check,33.32,215.03,Yes
CUST00123,Female,0,No,No,31,Yes,No,Fiber optic,No,No,No,Yes,No,No,One year,No,Bank transfer (automatic),66.42,2091.41,No
CUST00124,Male,0,No,No,2,Yes,Yes,Fiber optic,No,Yes,No,Yes,Yes,Yes,One year,No,Mailed check,46.58,57.06,No
CUST00125,Male,0,No,No,1,Yes,Yes,Fiber optic,No,Yes,Yes,Yes,No,No,Month-to-month,Yes,Mailed check,42.58,58.53,No
CUST00126,Female,0,No,No,7,Yes,No,Fiber optic,Yes,Yes,No,No,Yes,No,One year,No,Credit card (automatic),48.14,337.93,No
CUST00127,Female,0,No,No,0,No,No phone service,Fiber optic,No,Yes,No,No,No,Yes,Month-to-month,Yes,Electronic check,36.99,15.21,No
CUST00128,Female,0,No,No,10,Yes,Yes,DSL,No,No,Yes,Yes,Yes,Yes,Month-to-month,No,Mailed check,24.64,230.46,Yes
CUST00129,Male,1,Yes,No,21,Yes,Yes,Fiber optic,Yes,Yes,Yes,No,No,No,One year,No,Bank transfer (automatic),55.05,1157.84,Yes
CUST00130,Female,0,Yes,Yes,16,Yes,Yes,Fiber optic,Yes,Yes,No,Yes,Yes,No,One year,Yes,Bank transfer (automatic),59.04,949.73,Yes
CUST00131,Male,0,Yes,No,2,Yes,No,DSL,No,Yes,No,No,Yes,Yes,Month-to-month,No,Bank transfer (automatic),33.81,61.24,No
CUST00132,Male,0,Yes,No,8,Yes,Yes,DSL,No,No,No,Yes,No,Yes,Month-to-month,Yes,Bank transfer (automatic),40.96,321.16,Yes
CUST00133,Male,0,Yes,No,6,Yes,No,No,No internet service,No internet service,No internet service,No internet service,No internet service,No internet service,Month-to-month,No,Electronic check,27.82,122.31,Yes
CUST00134,Female,0,No,No,8,Yes,Yes,Fiber optic,Yes,No,No,Yes,No,No,One year,Yes,Mailed check,53.23,421.46,No
CUST00135,Female,0,Yes,No,28,Yes,No,Fiber optic,No,Yes,Yes,Yes,No,No,Month-to-month,Yes,Electronic check,51.18,1438.78,No
CUST00136,Male,0,No,Yes,4,Yes,No,DSL,Yes,No,Yes,No,Yes,No,Month-to-month,Yes,Electronic check,37.49,141.65,No
CUST00137,Female,0,No,No,26,Yes,No,No,No internet service,No internet service,No internet service,No internet service,No internet service,No internet service,One year,Yes,Electronic check,32.76,859.84,No
CUST00138,Female,0,Yes,Yes,16,No,No phone service,No,No internet service,No internet service,No internet service,No internet service,No internet service,No internet service,Month-to-month,No,Electronic check,23.56,367.41,No
CUST00139,Female,1,No,No,5,Yes,No,Fiber optic,No,No,No,No,Yes,Yes,One year,Yes,Mailed check,57.43,278.26,Yes
CUST00140,Female,0,No,No,15,Yes,Yes,Fiber optic,No,No,No,No,Yes,Yes,Month-to-month,Yes,Mailed check,57.35,887.36,No
CUST00141,Male,0,Yes,No,3,Yes,Yes,DSL,Yes,Yes,Yes,No,Yes,Yes,One year,Yes,Mailed check,30.31,80.67,No
CUST00142,Male,0,No,No,6,Yes,No,DSL,No,No,Yes,No,Yes,Yes,Month-to-month,Yes,Mailed check,39.47,235.71,Yes
CUST00143,Female,0,No,Yes,8,Yes,No,Fiber optic,No,No,No,Yes,No,No,Month-to-month,Yes,Mailed check,50.59,405.66,No
CUST00144,Male,1,Yes,No,9,Yes,Yes,Fiber optic,No,Yes,No,Yes,No,Yes,Month-to-month,Yes,Credit card (automatic),54.21,492.37,No
CUST00145,Female,0,Yes,No,10,Yes,No,Fiber optic,Yes,Yes,Yes,Yes,No,Yes,Two year,Yes,Electronic check,45.29,490.64,No
CUST00146,Male,1,No,No,31,Yes,No,No,No internet service,No internet service,No internet service,No internet service,No internet service,No internet service,One year,No,Credit card (automatic),31.25,966.23,No
CUST00147,Male,0,No,No,1,Yes,No,DSL,No,No,No,Yes,No,No,Two year,Yes,Credit card (automatic),47.89,58.37,No
CUST00148,Male,0,No,Yes,4,Yes,No,Fiber optic,No,No,Yes,Yes,No,Yes,Month-to-month,No,Credit card (automatic),45.74,149.86,Yes
CUST00149,Female,1,Yes,No,5,No,No phone service,Fiber optic,No,No,Yes,No,Yes,Yes,One year,Yes,Electronic check,47.35,220.38,No
CUST00150,Male,0,No,Yes,7,Yes,Yes,Fiber optic,No,Yes,Yes,Yes,Yes,Yes,Month-to-month,Yes,Electronic check,50.17,345.74,Yes
CUST00151,Female,0,No,Yes,29,Yes,No,DSL,No,No,Yes,No,Yes,Yes,Two year,Yes,Mailed check,46.2,1302.9,No
CUST00152,Male,0,No,No,13,Yes,No,DSL,No,No,Yes,Yes,No,Yes,One year,No,Electronic check,36.26,449.25,Yes
CUST00153,Male,1,No,No,8,Yes,Yes,Fiber optic,Yes,No,No,No,Yes,Yes,Month-to-month,No,Credit card (automatic),48.21,388.67,No
CUST00154,Female,0,Yes,Yes,27,No,No phone service,No,No internet service,No internet service,No internet service,No internet service,No internet service,No internet service,One year,Yes,Bank transfer (automatic),22.53,597.37,Yes
CUST00155,Male,0,No,No,9,Yes,No,No,No internet service,No internet service,No internet service,No internet service,No internet service,No internet service,Month-to-month,Yes,Credit card (automatic),38.74,295.47,No
CUST00156,Female,0,Yes,No,9,Yes,Yes,Fiber optic,No,Yes,Yes,No,Yes,Yes,Month-to-month,No,Credit card (automatic),50.09,443.38,No
CUST00157,Female,1,Yes,No,5,No,No phone service,Fiber optic,No,No,No,Yes,No,Yes,One year,Yes,Mailed check,45.17,199.32,No
CUST00158,Male,0,Yes,Yes,2,Yes,Yes,Fiber optic,No,No,Yes,Yes,Yes,No,Month-to-month,No,Electronic check,55.08,135.59,Yes
CUST00159,Male,0,Yes,No,3,Yes,No,DSL,Yes,No,Yes,No,No,Yes,Month-to-month,Yes,Electronic check,36.09,105.66,Yes
CUST00160,Male,0,No,Yes,3,Yes,Yes,DSL,No,No,Yes,Yes,Yes,No,Month-to-month,Yes,Electronic check,34.4,95.7,No
CUST00161,Female,1,Yes,Yes,21,Yes,Yes,Fiber optic,Yes,No,Yes,No,No,No,Two year,Yes,Bank transfer (automatic),62.43,1290.89,Yes
CUST00162,Female,0,No,No,27,No,No phone service,DSL,No,Yes,No,No,Yes,No,Two year,Yes,Credit card (automatic),32.03,839.79,No
CUST00163,Male,1,Yes,No,20,Yes,No,DSL,Yes,Yes,Yes,No,Yes,No,One year,No,Electronic check,32.79,639.47,No
CUST00164,Female,0,No,Yes,3,Yes,No,Fiber optic,No,No,Yes,No,No,No,Month-to-month,No,Credit card (automatic),44.2,167.7,Yes
CUST00165,Male,0,No,No,4,Yes,Yes,DSL,Yes,No,Yes,Yes,No,No,Two year,Yes,Electronic check,40.66,162.02,No
CUST00166,Male,0,Yes,No,0,Yes,Yes,Fiber optic,No,No,Yes,No,Yes,No,Month-to-month,Yes,Electronic check,51.54,0.0,Yes
CUST00167,Male,0,No,No,1,Yes,No,Fiber optic,Yes,No,No,No,Yes,No,One year,Yes,Electronic check,43.76,45.78,Yes
CUST00168,Female,0,Yes,No,29,Yes,No,Fiber optic,Yes,Yes,Yes,Yes,No,No,Two year,Yes,Credit card (automatic),56.78,1627.05,No
CUST00169,Male,0,Yes,No,12,Yes,Yes,Fiber optic,No,No,Yes,Yes,Yes,No,One year,No,Electronic check,50.05,611.14,Yes
CUST00170,Male,0,No,No,27,Yes,Yes,Fiber optic,No,No,No,No,No,Yes,Month-to-month,No,Mailed check,56.68,1550.01,No
CUST00171,Female,0,No,No,2,Yes,No,DSL,No,Yes,Yes,No,Yes,No,Month-to-month,Yes,Credit card (automatic),34.61,85.35,Yes
CUST00172,Female,0,Yes,No,0,Yes,Yes,Fiber optic,No,No,Yes,Yes,No,No,One year,No,Electronic check,52.59,0.0,Yes
CUST00173,Female,0,Yes,No,3,No,No phone service,Fiber optic,No,No,No,No,No,No,Month-to-month,Yes,Mailed check,32.98,82.97,Yes
CUST00174,Female,0,Yes,Yes,4,Yes,No,Fiber optic,No,Yes,Yes,No,No,Yes,One year,Yes,Mailed check,46.05,236.85,No
CUST00175,Female,1,Yes,No,15,Yes,No,No,No internet service,No internet service,No internet service,No internet service,No internet service,No internet service,Month-to-month,Yes,Electronic check,36.04,510.22,Yes
CUST00176,Female,0,No,Yes,10,Yes,Yes,No,No internet service,No internet service,No internet service,No internet service,No internet service,No internet service,One year,Yes,Credit card (automatic),37.75,363.44,Yes
CUST00177,Male,0,No,No,15,Yes,Yes,Fiber optic,No,Yes,No,No,No,No,Two year,Yes,Electronic check,62.88,942.25,No
CUST00178,Male,0,No,No,20,No,No phone service,No,No internet service,No internet service,No internet service,No internet service,No internet service,No internet service,Two year,Yes,Mailed check,27.16,562.65,No
CUST00179,Male,0,Yes,No,5,Yes,No,Fiber optic,No,No,No,No,Yes,Yes,Month-to-month,No,Bank transfer (automatic),44.4,217.48,Yes
CUST00180,Female,1,No,No,15,Yes,Yes,Fiber optic,No,No,Yes,No,Yes,No,Two year,Yes,Bank transfer (automatic),55.8,858.62,No
CUST00181,Female,1,Yes,No,3,Yes,No,Fiber optic,Yes,Yes,Yes,No,Yes,Yes,Two year,Yes,Credit card (automatic),42.97,127.75,No
CUST00182,Male,1,No,No,0,No,No phone service,No,No internet service,No internet service,No internet service,No internet service,No internet service,No internet service,Two year,Yes,Bank transfer (automatic),22.15,4.15,Yes
CUST00183,Male,0,No,No,29,Yes,Yes,DSL,No,Yes,No,Yes,Yes,Yes,Month-to-month,Yes,Mailed check,43.03,1243.6,No
CUST00184,Female,1,Yes,No,7,Yes,No,Fiber optic,No,Yes,Yes,No,Yes,Yes,Month-to-month,Yes,Bank transfer (automatic),51.54,361.38,Yes
CUST00185,Male,0,Yes,No,0,Yes,Yes,DSL,Yes,Yes,No,No,Yes,Yes,Two year,No,Credit card (automatic),27.97,10.02,Yes
CUST00186,Male,0,Yes,Yes,14,Yes,No,Fiber optic,No,No,Yes,Yes,No,Yes,Month-to-month,No,Bank transfer (automatic),59.08,809.23,Yes
CUST00187,Male,0,No,No,9,Yes,Yes,Fiber optic,No,Yes,Yes,No,No,Yes,Month-to-month,No,Electronic check,48.55,457.82,No
CUST00188,Male,1,No,No,11,Yes,No,Fiber optic,Yes,No,Yes,Yes,Yes,Yes,Month-to-month,Yes,Electronic check,52.61,600.02,No
CUST00189,Female,0,No,No,72,Yes,No,Fiber optic,No,Yes,Yes,No,Yes,No,Month-to-month,No,Mailed check,70.52,5063.77,Yes
CUST00190,Female,0,Yes,No,11,Yes,Yes,DSL,No,Yes,Yes,Yes,Yes,No,Month-to-month,No,Electronic check,34.97,413.74,Yes
CUST00191,Female,0,No,No,3,Yes,Yes,Fiber optic,Yes,Yes,No,No,No,Yes,Month-to-month,No,Bank transfer (automatic),49.1,131.2,Yes
CUST00192,Male,0,No,Yes,3,Yes,No,Fiber optic,No,Yes,No,No,No,Yes,Month-to-month,Yes,Bank transfer (automatic),50.43,155.97,Yes
CUST00193,Male,0,Yes,Yes,2,Yes,Yes,DSL,Yes,Yes,Yes,Yes,Yes,No,Month-to-month,No,Mailed check,34.57,52.63,No
CUST00194,Male,1,No,No,7,Yes,No,DSL,Yes,No,No,No,Yes,No,Month-to-month,No,Electronic check,30.79,223.18,No
CUST00195,Male,0,Yes,No,34,Yes,No,DSL,No,No,No,No,Yes,No,Month-to-month,Yes,Bank transfer (automatic),47.64,1652.18,No
CUST00196,Male,0,No,No,2,Yes,Yes,Fiber optic,Yes,Yes,Yes,No,Yes,Yes,Month-to-month,No,Electronic check,47.28,83.45,No
CUST00197,Female,0,Yes,No,0,Yes,No,DSL,Yes,No,No,Yes,Yes,No,Month-to-month,No,Credit card (automatic),33.13,0.0,No
CUST00198,Female,0,No,No,2,Yes,Yes,Fiber optic,No,Yes,Yes,No,Yes,Yes,Month-to-month,No,Credit card (automatic),47.64,107.94,Yes
CUST00199,Female,0,Yes,No,10,Yes,Yes,DSL,Yes,Yes,Yes,Yes,No,No,Month-to-month,Yes,Bank transfer (automatic),32.8,331.29,No
CUST00200,Male,0,No,No,1,Yes,Yes,DSL,No,Yes,Yes,No,Yes,Yes,One year,No,Credit card (automatic),36.63,43.32,No
CUST00201,Male,0,No,No,1,No,No phone service,DSL,No,No,Yes,Yes,No,Yes,Two year,Yes,Electronic check,16.46,0.0,Yes
CUST00202,Male,0,No,No,8,Yes,No,Fiber optic,Yes,No,Yes,Yes,Yes,Yes,Two year,Yes,Mailed check,49.01,396.56,No
CUST00203,Male,0,No,No,7,Yes,Yes,No,No internet service,No internet service,No internet service,No internet service,No internet service,No internet service,Month-to-month,No,Credit card (automatic),37.43,268.87,Yes
CUST00204,Female,0,No,No,10,Yes,No,DSL,Yes,No,No,No,Yes,Yes,One year,No,Bank transfer (automatic),39.92,392.01,No
CUST00205,Female,0,No,No,22,Yes,No,Fiber optic,No,Yes,Yes,Yes,No,No,Month-to-month,No,Bank transfer (automatic),56.43,1255.76,No
CUST00206,Female,0,Yes,Yes,13,Yes,Yes,DSL,No,Yes,No,No,Yes,Yes,Month-to-month,No,Bank transfer (automatic),44.51,591.6,Yes
CUST00207,Male,1,No,No,24,Yes,No,Fiber optic,Yes,Yes,Yes,No,No,Yes,One year,Yes,Mailed check,52.95,1254.13,No
CUST00208,Male,0,No,No,20,No,No phone service,Fiber optic,Yes,No,Yes,Yes,Yes,Yes,One year,Yes,Credit card (automatic),44.14,908.37,Yes
CUST00209,Male,0,Yes,No,11,Yes,No,Fiber optic,No,Yes,Yes,Yes,Yes,Yes,Two year,No,Electronic check,52.32,577.32,Yes
CUST00210,Female,0,No,No,9,Yes,No,DSL,Yes,Yes,No,No,No,Yes,One year,Yes,Bank transfer (automatic),35.26,321.72,No
CUST00211,Male,0,No,No,39,Yes,No,DSL,Yes,No,Yes,Yes,No,Yes,One year,Yes,Credit card (automatic),48.84,1875.93,No
CUST00212,Male,0,Yes,Yes,33,Yes,No,DSL,Yes,No,No,Yes,No,Yes,Month-to-month,Yes,Bank transfer (automatic),39.37,1303.09,Yes
CUST00213,Male,0,No,Yes,0,Yes,No,No,No internet service,No internet service,No internet service,No internet service,No internet service,No internet service,Two year,Yes,Credit card (automatic),20.95,19.3,No
CUST00214,Female,0,No,Yes,24,Yes,Yes,DSL,Yes,Yes,No,Yes,No,No,Two year,Yes,Mailed check,37.01,895.78,No
CUST00215,Female,0,Yes,Yes,0,No,No phone service,No,No internet service,No internet service,No internet service,No internet service,No internet service,No internet service,Month-to-month,No,Credit card (automatic),19.34,0.0,No
CUST00216,Male,0,No,No,7,Yes,No,DSL,Yes,No,Yes,Yes,No,No,One year,Yes,Electronic check,29.16,160.14,Yes
CUST00217,Male,0,Yes,No,14,Yes,Yes,Fiber optic,No,Yes,No,No,Yes,Yes,Month-to-month,Yes,Bank transfer (automatic),58.41,843.95,Yes
CUST00218,Male,1,No,Yes,1,Yes,No,Fiber optic,No,Yes,No,Yes,No,No,Month-to-month,Yes,Bank transfer (automatic),53.45,51.47,Yes
CUST00219,Female,0,No,Yes,6,Yes,Yes,DSL,Yes,Yes,No,No,Yes,Yes,Two year,No,Credit card (automatic),40.69,240.01,No
CUST00220,Female,0,No,Yes,0,Yes,No,No,No internet service,No internet service,No internet service,No internet service,No internet service,No internet service,One year,Yes,Mailed check,23.74,28.88,No
CUST00221,Male,0,No,No,41,No,No phone service,DSL,Yes,Yes,Yes,Yes,No,Yes,Two year,Yes,Mailed check,34.55,1411.95,No
CUST00222,Female,0,Yes,No,22,Yes,Yes,Fiber optic,No,No,No,No,Yes,No,Month-to-month,Yes,Electronic check,57.61,1294.0,Yes
CUST00223,Male,0,No,Yes,30,Yes,No,No,No internet service,No internet service,No internet service,No internet service,No internet service,No internet service,Month-to-month,No,Credit card (automatic),42.25,1277.33,No
CUST00224,Male,0,Yes,No,1,Yes,No,DSL,No,Yes,Yes,No,No,No,Month-to-month,No,Bank transfer (automatic),31.82,67.84,Yes
CUST00225,Female,0,Yes,No,0,Yes,Yes,No,No internet service,No internet service,No internet service,No internet service,No internet service,No internet service,Month-to-month,Yes,Credit card (automatic),22.04,11.29,No
CUST00226,Female,0,Yes,No,7,Yes,Yes,Fiber optic,No,No,No,Yes,Yes,Yes,Month-to-month,Yes,Mailed check,49.14,295.5,No
CUST00227,Male,0,Yes,No,14,Yes,Yes,DSL,No,Yes,No,Yes,No,No,Two year,Yes,Electronic check,39.66,564.82,Yes
CUST00228,Male,0,Yes,No,1,Yes,No,Fiber optic,No,No,Yes,No,Yes,No,Month-to-month,Yes,Mailed check,50.18,27.01,No
CUST00229,Male,0,No,No,9,Yes,No,Fiber optic,Yes,No,Yes,Yes,Yes,Yes,Month-to-month,No,Bank transfer (automatic),47.42,427.53,Yes
CUST00230,Female,0,No,No,0,Yes,No,DSL,No,No,Yes,Yes,No,No,Month-to-month,Yes,Electronic check,29.99,0.0,Yes
CUST00231,Female,0,No,No,19,Yes,No,Fiber optic,No,Yes,Yes,Yes,Yes,No,One year,No,Electronic check,51.33,966.37,Yes
CUST00232,Female,0,No,No,14,Yes,No,Fiber optic,Yes,No,Yes,No,No,No,Two year,No,Mailed check,53.1,730.46,No
CUST00233,Female,1,Yes,Yes,15,Yes,Yes,No,No internet service,No internet service,No internet service,No internet service,No internet service,No internet service,Two year,No,Mailed check,30.1,473.28,No
CUST00234,Female,0,Yes,No,27,Yes,No,Fiber optic,No,No,Yes,No,Yes,Yes,Month-to-month,Yes,Electronic check,61.99,1677.68,Yes
CUST00235,Female,0,No,No,8,Yes,Yes,DSL,Yes,No,No,No,Yes,No,Two year,Yes,Electronic check,34.75,282.09,Yes
CUST00236,Female,0,Yes,No,2,Yes,Yes,DSL,No,Yes,Yes,Yes,No,Yes,Month-to-month,Yes,Credit card (automatic),33.8,76.08,No
CUST00237,Female,0,No,No,2,Yes,Yes,Fiber optic,Yes,No,Yes,Yes,Yes,Yes,Month-to-month,No,Bank transfer (automatic),53.49,129.57,Yes
CUST00238,Male,0,Yes,No,15,Yes,Yes,No,No internet service,No internet service,No internet service,No internet service,No internet service,No internet service,Month-to-month,Yes,Bank transfer (automatic),33.19,500.25,Yes
CUST00239,Female,0,No,No,0,Yes,No,Fiber optic,Yes,Yes,No,Yes,Yes,Yes,One year,Yes,Electronic check,55.46,0.0,No
CUST00240,Male,0,Yes,No,6,Yes,No,No,No internet service,No internet service,No internet service,No internet service,No internet service,No internet service,Month-to-month,Yes,Electronic check,25.07,121.13,No
CUST00241,Male,0,No,No,24,Yes,Yes,Fiber optic,No,Yes,No,No,Yes,Yes,One year,No,Bank transfer (automatic),46.99,1167.79,No
CUST00242,Female,0,No,No,24,Yes,Yes,Fiber optic,Yes,Yes,No,Yes,Yes,No,Month-to-month,Yes,Bank transfer (automatic),53.94,1312.23,Yes
CUST00243,Male,0,Yes,No,29,Yes,No,No,No internet service,No internet service,No internet service,No internet service,No internet service,No internet service,One year,Yes,Mailed check,38.46,1090.26,No
CUST00244,Male,0,Yes,Yes,1,Yes,No,DSL,Yes,Yes,Yes,No,Yes,No,Two year,Yes,Credit card (automatic),37.67,42.88,Yes
CUST00245,Male,0,Yes,Yes,42,Yes,No,Fiber optic,No,No,Yes,Yes,Yes,Yes,Two year,No,Mailed check,60.02,2515.01,No
CUST00246,Female,0,Yes,No,24,Yes,Yes,Fiber optic,No,Yes,Yes,No,No,No,Month-to-month,Yes,Credit card (automatic),58.66,1350.87,Yes
CUST00247,Female,0,No,No,2,Yes,Yes,No,No internet service,No internet service,No internet service,No internet service,No internet service,No internet service,Two year,Yes,Credit card (automatic),32.27,62.8,Yes
CUST00248,Female,0,Yes,No,4,Yes,Yes,No,No internet service,No internet service,No internet service,No internet service,No internet service,No internet service,Two year,No,Mailed check,28.46,120.77,No
CUST00249,Female,0,No,Yes,3,Yes,Yes,DSL,No,Yes,Yes,No,Yes,No,One year,Yes,Bank transfer (automatic),25.12,80.44,No
CUST00250,Female,0,Yes,No,3,Yes,Yes,DSL,Yes,No,No,Yes,Yes,No,Month-to-month,Yes,Bank transfer (automatic),43.1,146.3,Yes
CUST00251,Male,0,No,No,0,Yes,Yes,DSL,No,No,Yes,No,No,No,Month-to-month,Yes,Electronic check,39.24,24.45,Yes
CUST00252,Male,1,No,Yes,19,Yes,Yes,Fiber optic,No,Yes,No,No,No,Yes,Two year,No,Bank transfer (automatic),58.95,1124.83,Yes
CUST00253,Female,0,No,No,3,Yes,Yes,Fiber optic,Yes,Yes,No,No,No,No,One year,Yes,Mailed check,50.84,138.77,No
CUST00254,Female,0,Yes,No,1,Yes,Yes,DSL,Yes,Yes,Yes,No,Yes,No,Two year,Yes,Bank transfer (automatic),38.86,37.25,No
CUST00255,Male,0,No,Yes,0,Yes,Yes,Fiber optic,No,No,Yes,No,Yes,Yes,One year,Yes,Credit card (automatic),50.7,9.05,No
CUST00256,Male,0,No,Yes,8,Yes,Yes,Fiber optic,No,No,No,Yes,No,No,Two year,No,Credit card (automatic),62.04,493.53,Yes
CUST00257,Male,0,Yes,No,4,Yes,No,No,No internet service,No internet service,No internet service,No internet service,No internet service,No internet service,Month-to-month,Yes,Mailed check,26.11,117.33,No
CUST00258,Male,1,Yes,No,1,Yes,Yes,No,No internet service,No internet service,No internet service,No internet service,No internet service,No internet service,One year,No,Bank transfer (automatic),27.08,65.36,No
CUST00259,Male,0,No,No,14,Yes,No,Fiber optic,No,No,Yes,Yes,Yes,No,Month-to-month,No,Mailed check,52.65,777.17,No
CUST00260,Female,1,No,Yes,10,Yes,No,DSL,Yes,No,Yes,Yes,No,No,Month-to-month,No,Mailed check,42.53,449.04,Yes
CUST00261,Female,0,Yes,No,6,Yes,No,Fiber optic,Yes,No,No,No,No,Yes,Month-to-month,Yes,Credit card (automatic),47.34,289.97,No
CUST00262,Male,1,No,No,0,Yes,Yes,Fiber optic,Yes,No,No,Yes,Yes,Yes,Two year,No,Electronic check,49.68,6.58,No
CUST00263,Female,0,Yes,No,10,Yes,Yes,Fiber optic,No,Yes,No,No,Yes,Yes,Month-to-month,Yes,Electronic check,54.82,555.31,Yes
CUST00264,Female,0,No,No,13,Yes,No,Fiber optic,Yes,Yes,Yes,No,No,Yes,Month-to-month,No,Bank transfer (automatic),55.59,736.69,No
CUST00265,Female,0,Yes,Yes,20,Yes,No,No,No internet service,No internet service,No internet service,No internet service,No internet service,No internet service,Two year,No,Electronic check,34.6,671.43,Yes
CUST00266,Male,0,No,No,5,No,No phone service,Fiber optic,Yes,Yes,No,No,Yes,No,Month-to-month,No,Electronic check,48.97,227.91,Yes
CUST00267,Female,0,No,No,3,Yes,No,No,No internet service,No internet service,No internet service,No internet service,No internet service,No internet service,Month-to-month,Yes,Electronic check,24.13,60.37,Yes
CUST00268,Male,0,No,No,13,Yes,Yes,DSL,Yes,No,Yes,Yes,No,Yes,One year,Yes,Credit card (automatic),34.16,489.13,No
CUST00269,Female,1,Yes,Yes,8,Yes,No,Fiber optic,Yes,No,No,No,No,No,Month-to-month,Yes,Electronic check,49.33,394.24,Yes
CUST00270,Male,0,No,No,6,Yes,Yes,Fiber optic,Yes,No,Yes,No,No,Yes,Month-to-month,No,Credit card (automatic),56.31,386.66,No
CUST00271,Female,0,No,Yes,20,Yes,Yes,DSL,No,No,Yes,No,No,Yes,One year,Yes,Electronic check,37.74,762.64,No
CUST00272,Male,0,Yes,No,32,Yes,Yes,DSL,No,Yes,No,Yes,Yes,Yes,Month-to-month,No,Mailed check,37.63,1198.55,No
CUST00273,Male,0,Yes,No,4,Yes,No,Fiber optic,Yes,No,Yes,No,Yes,Yes,One year,Yes,Bank transfer (automatic),55.65,210.25,No
CUST00274,Female,0,Yes,No,11,Yes,Yes,No,No internet service,No internet service,No internet service,No internet service,No internet service,No internet service,Month-to-month,Yes,Bank transfer (automatic),27.25,318.57,No
CUST00275,Male,0,No,No,2,Yes,No,DSL,No,Yes,Yes,No,No,No,Month-to-month,No,Credit card (automatic),30.55,72.12,No
CUST00276,Female,0,No,No,1,Yes,Yes,DSL,Yes,No,Yes,Yes,No,Yes,One year,No,Electronic check,27.24,36.05,No
CUST00277,Female,0,No,Yes,19,Yes,No,Fiber optic,No,Yes,No,No,Yes,No,Month-to-month,Yes,Electronic check,50.91,968.56,No
CUST00278,Female,1,Yes,Yes,11,Yes,Yes,Fiber optic,Yes,No,Yes,Yes,Yes,No,Two year,Yes,Credit card (automatic),52.44,577.65,Yes
CUST00279,Male,0,Yes,No,11,Yes,Yes,Fiber optic,No,No,No,No,Yes,Yes,Two year,Yes,Bank transfer (automatic),57.95,631.43,No
CUST00280,Female,0,No,No,3,Yes,No,Fiber optic,Yes,No,No,Yes,No,No,Two year,Yes,Credit card (automatic),47.01,158.93,No
CUST00281,Male,0,No,Yes,13,Yes,Yes,Fiber optic,No,Yes,Yes,Yes,Yes,No,One year,No,Mailed check,53.8,683.76,No
CUST00282,Female,0,No,No,2,Yes,No,Fiber optic,Yes,No,Yes,Yes,Yes,Yes,One year,Yes,Electronic check,53.57,115.42,Yes
CUST00283,Male,0,Yes,No,0,Yes,No,Fiber optic,Yes,No,Yes,Yes,No,No,Two year,Yes,Credit card (automatic),56.12,32.47,No
CUST00284,Male,0,No,No,5,Yes,No,DSL,No,No,Yes,Yes,No,No,Month-to-month,Yes,Credit card (automatic),35.56,229.39,No
CUST00285,Male,0,No,Yes,14,No,No phone service,Fiber optic,Yes,Yes,No,Yes,Yes,No,Month-to-month,Yes,Electronic check,35.62,460.42,No
CUST00286,Female,0,Yes,No,56,Yes,No,Fiber optic,Yes,No,Yes,No,No,Yes,Two year,Yes,Credit card (automatic),64.04,3618.81,No
CUST00287,Female,0,Yes,No,1,Yes,Yes,Fiber optic,No,Yes,No,No,No,Yes,Month-to-month,No,Bank transfer (automatic),44.7,30.47,Yes
CUST00288,Female,0,No,No,8,Yes,No,No,No internet service,No internet service,No internet service,No internet service,No internet service,No internet service,Month-to-month,Yes,Credit card (automatic),32.77,231.04,No
CUST00289,Male,0,Yes,No,9,Yes,No,Fiber optic,No,Yes,Yes,Yes,No,Yes,Month-to-month,Yes,Bank transfer (automatic),45.94,388.79,No
CUST00290,Male,1,Yes,No,13,Yes,Yes,No,No internet service,No internet service,No internet service,No internet service,No internet service,No internet service,Month-to-month,No,Electronic check,40.96,540.86,Yes
CUST00291,Male,0,Yes,No,9,Yes,No,No,No internet service,No internet service,No internet service,No internet service,No internet service,No internet service,Month-to-month,No,Bank transfer (automatic),26.85,254.24,No
CUST00292,Male,0,No,No,7,Yes,No,DSL,No,Yes,Yes,Yes,Yes,Yes,Month-to-month,No,Mailed check,32.72,253.76,No
CUST00293,Male,0,No,No,31,Yes,No,Fiber optic,Yes,Yes,Yes,Yes,No,No,Month-to-month,No,Mailed check,53.53,1631.29,Yes
CUST00294,Male,1,No,No,31,Yes,Yes,Fiber optic,Yes,Yes,No,No,Yes,No,Two year,No,Bank transfer (automatic),62.27,1933.2,No
CUST00295,Female,0,No,No,1,Yes,No,No,No internet service,No internet service,No internet service,No internet service,No internet service,No internet service,Month-to-month,Yes,Electronic check,27.56,34.79,No
CUST00296,Female,0,Yes,Yes,14,Yes,Yes,Fiber optic,Yes,No,No,No,Yes,No,Month-to-month,Yes,Bank transfer (automatic),48.87,657.56,Yes
CUST00297,Male,1,No,Yes,9,Yes,Yes,No,No internet service,No internet service,No internet service,No internet service,No internet service,No internet service,Month-to-month,No,Mailed check,27.56,216.02,No
CUST00298,Female,0,No,Yes,8,Yes,No,DSL,Yes,Yes,No,Yes,Yes,Yes,Two year,No,Credit card (automatic),36.57,309.33,No
CUST00299,Male,1,No,No,2,Yes,No,Fiber optic,No,No,No,No,Yes,No,Month-to-month,No,Mailed check,48.21,119.75,No
CUST00300,Male,1,No,No,19,No,No phone service,DSL,No,No,Yes,No,Yes,No,Month-to-month,Yes,Mailed check,25.46,503.58,Yes
CUST00301,Female,0,No,No,2,Yes,No,DSL,No,Yes,No,No,No,No,Month-to-month,Yes,Credit card (automatic),30.22,86.7,No
CUST00302,Female,0,Yes,No,20,Yes,Yes,No,No internet service,No internet service,No internet service,No internet service,No internet service,No internet service,One year,No,Bank transfer (automatic),33.87,693.76,No
CUST00303,Male,0,No,No,2,Yes,Yes,Fiber optic,Yes,Yes,No,No,Yes,No,One year,Yes,Electronic check,37.77,76.82,Yes
CUST00304,Female,0,Yes,Yes,0,Yes,No,Fiber optic,Yes,No,No,No,No,No,One year,No,Bank transfer (automatic),50.28,10.59,No
CUST00305,Female,0,Yes,Yes,4,Yes,Yes,Fiber optic,Yes,No,No,No,No,No,Two year,Yes,Bank transfer (automatic),36.36,151.31,Yes
CUST00306,Female,0,No,Yes,2,Yes,No,Fiber optic,No,Yes,Yes,Yes,No,Yes,Month-to-month,No,Bank transfer (automatic),58.05,140.48,Yes
CUST00307,Female,0,Yes,No,18,Yes,No,Fiber optic,No,No,Yes,Yes,Yes,Yes,One year,No,Electronic check,50.16,901.63,No
CUST00308,Male,0,Yes,Yes,14,Yes,No,Fiber optic,Yes,No,Yes,Yes,No,Yes,Month-to-month,No,Credit card (automatic),49.73,690.17,No
CUST00309,Female,0,Yes,No,8,Yes,Yes,DSL,Yes,Yes,Yes,No,No,No,Month-to-month,No,Bank transfer (automatic),28.93,249.69,No
CUST00310,Female,0,Yes,No,6,Yes,No,Fiber optic,No,No,No,No,Yes,Yes,Month-to-month,Yes,Bank transfer (automatic),44.37,261.72,Yes
CUST00311,Male,0,Yes,Yes,21,Yes,Yes,DSL,No,Yes,No,No,No,Yes,One year,No,Mailed check,43.59,930.63,Yes
CUST00312,Male,0,No,Yes,7,Yes,No,Fiber optic,Yes,No,No,Yes,No,Yes,Month-to-month,Yes,Bank transfer (automatic),48.67,348.53,No
CUST00313,Female,0,No,No,0,Yes,Yes,No,No internet service,No internet service,No internet service,No internet service,No internet service,No internet service,Month-to-month,Yes,Credit card (automatic),25.03,0.0,No
CUST00314,Female,0,Yes,No,22,Yes,Yes,DSL,Yes,Yes,Yes,No,No,Yes,One year,No,Mailed check,39.26,845.05,No
CUST00315,Male,0,Yes,No,16,Yes,No,Fiber optic,No,No,No,Yes,No,Yes,Two year,No,Electronic check,41.69,658.14,No
CUST00316,Female,0,No,Yes,18,Yes,Yes,No,No internet service,No internet service,No internet service,No internet service,No internet service,No internet service,Month-to-month,Yes,Electronic check,30.25,565.3,No
CUST00317,Male,0,No,No,3,Yes,No,DSL,Yes,Yes,No,Yes,Yes,No,Month-to-month,No,Bank transfer (automatic),35.16,123.91,No
CUST00318,Male,0,No,Yes,27,No,No phone service,Fiber optic,No,No,No,Yes,No,Yes,Two year,Yes,Electronic check,51.91,1432.8,Yes
CUST00319,Male,0,No,No,1,Yes,No,Fiber optic,No,Yes,Yes,Yes,No,Yes,Month-to-month,Yes,Mailed check,50.64,85.08,No
CUST00320,Female,0,Yes,No,1,No,No phone service,No,No internet service,No internet service,No internet service,No internet service,No internet service,No internet service,One year,Yes,Mailed check,18.37,22.06,Yes
CUST00321,Male,0,Yes,Yes,37,No,No phone service,Fiber optic,No,No,Yes,Yes,No,No,One year,Yes,Electronic check,43.39,1631.41,No
CUST00322,Female,0,No,No,17,Yes,No,DSL,Yes,No,No,No,No,Yes,Month-to-month,Yes,Bank transfer (automatic),33.17,574.62,Yes
CUST00323,Female,0,No,No,12,Yes,No,Fiber optic,Yes,No,Yes,No,Yes,No,Month-to-month,No,Mailed check,48.49,599.47,Yes
CUST00324,Female,0,Yes,No,41,Yes,Yes,DSL,Yes,Yes,Yes,Yes,Yes,No,Month-to-month,Yes,Credit card (automatic),48.18,1960.24,No
CUST00325,Female,0,No,No,2,Yes,No,DSL,Yes,Yes,Yes,No,Yes,No,Two year,Yes,Credit card (automatic),36.81,55.11,No
CUST00326,Female,0,No,Yes,9,Yes,Yes,Fiber optic,No,Yes,Yes,Yes,Yes,Yes,Month-to-month,Yes,Mailed check,48.58,455.78,No
CUST00327,Male,0,No,No,10,Yes,No,Fiber optic,No,Yes,Yes,Yes,No,No,One year,Yes,Credit card (automatic),55.73,569.17,No
CUST00328,Female,0,No,No,4,No,No phone service,No,No internet service,No internet service,No internet service,No internet service,No internet service,No internet service,Month-to-month,No,Bank transfer (automatic),15.58,22.99,Yes
CUST00329,Male,0,No,Yes,34,Yes,No,Fiber optic,No,No,No,Yes,Yes,No,One year,Yes,Bank transfer (automatic),54.38,1842.29,Yes
CUST00330,Male,1,Yes,Yes,12,Yes,Yes,Fiber optic,No,Yes,Yes,Yes,No,No,Month-to-month,Yes,Mailed check,56.7,668.74,No
CUST00331,Male,1,Yes,No,30,Yes,Yes,Fiber optic,No,No,Yes,No,Yes,No,Month-to-month,No,Credit card (automatic),60.19,1789.43,Yes
CUST00332,Male,1,No,No,15,Yes,No,Fiber optic,Yes,Yes,Yes,No,Yes,No,Month-to-month,Yes,Mailed check,56.31,868.12,Yes
CUST00333,Female,0,No,Yes,50,Yes,No,No,No internet service,No internet service,No internet service,No internet service,No internet service,No internet service,One year,Yes,Electronic check,39.53,1974.78,No
CUST00334,Male,0,No,No,2,Yes,No,DSL,Yes,No,No,Yes,No,No,One year,Yes,Mailed check,41.59,83.61,No
CUST00335,Female,0,No,No,10,Yes,Yes,Fiber optic,Yes,Yes,Yes,No,No,No,One year,Yes,Electronic check,42.5,426.57,No
CUST00336,Female,0,No,No,24,Yes,Yes,Fiber optic,Yes,No,No,Yes,No,Yes,Two year,Yes,Bank transfer (automatic),61.25,1483.46,Yes
CUST00337,Male,0,No,No,0,Yes,Yes,DSL,Yes,No,Yes,No,Yes,No,Month-to-month,Yes,Mailed check,39.14,0.0,No
CUST00338,Male,0,Yes,No,6,Yes,No,Fiber optic,Yes,Yes,No,Yes,No,Yes,Month-to-month,Yes,Bank transfer (automatic),48.3,301.57,No
CUST00339,Male,0,No,No,11,Yes,No,Fiber optic,No,Yes,Yes,No,No,Yes,Two year,Yes,Electronic check,49.63,523.73,No
CUST00340,Female,0,No,No,0,Yes,Yes,Fiber optic,No,Yes,Yes,Yes,No,No,Month-to-month,No,Electronic check,46.08,12.97,No
CUST00341,Female,0,No,No,4,Yes,No,No,No internet service,No internet service,No internet service,No internet service,No internet service,No internet service,One year,No,Electronic check,28.53,97.71,No
CUST00342,Female,1,Yes,No,5,Yes,Yes,DSL,No,Yes,No,Yes,Yes,No,Two year,No,Bank transfer (automatic),44.63,215.16,No
CUST00343,Female,0,No,Yes,5,Yes,Yes,No,No internet service,No internet service,No internet service,No internet service,No internet service,No internet service,Month-to-month,No,Mailed check,39.41,182.03,Yes
CUST00344,Female,0,No,No,5,Yes,Yes,DSL,Yes,Yes,No,Yes,Yes,No,Two year,Yes,Credit card (automatic),33.24,217.36,No
CUST00345,Female,0,No,No,10,Yes,No,DSL,Yes,Yes,Yes,Yes,Yes,No,One year,No,Mailed check,46.31,500.83,No
CUST00346,Male,0,No,No,19,Yes,No,DSL,No,No,Yes,No,No,No,Month-to-month,Yes,Electronic check,42.69,800.09,No
CUST00347,Female,0,No,Yes,0,Yes,No,DSL,Yes,Yes,Yes,Yes,No,No,One year,No,Mailed check,40.58,0.0,No
CUST00348,Female,0,No,Yes,8,Yes,No,Fiber optic,No,Yes,Yes,No,No,Yes,Two year,Yes,Credit card (automatic),45.89,363.25,No
CUST00349,Male,0,No,No,1,Yes,Yes,DSL,No,No,No,No,No,Yes,Month-to-month,No,Electronic check,37.6,10.29,No
CUST00350,Male,1,No,No,32,Yes,Yes,DSL,Yes,No,No,No,No,Yes,Month-to-month,Yes,Mailed check,36.28,1198.04,No
CUST00351,Female,0,Yes,No,1,Yes,Yes,Fiber optic,Yes,Yes,Yes,No,No,Yes,Month-to-month,Yes,Mailed check,55.94,49.86,Yes
CUST00352,Female,0,No,Yes,10,Yes,No,Fiber optic,Yes,Yes,Yes,Yes,Yes,No,Month-to-month,No,Credit card (automatic),49.56,473.21,Yes
CUST00353,Female,0,No,Yes,0,Yes,Yes,DSL,No,Yes,No,No,No,Yes,One year,Yes,Mailed check,32.36,15.43,No
CUST00354,Female,0,No,No,33,Yes,Yes,DSL,No,Yes,Yes,Yes,Yes,Yes,One year,Yes,Electronic check,39.27,1264.02,No
CUST00355,Female,1,Yes,Yes,2,Yes,Yes,DSL,No,Yes,No,No,Yes,Yes,One year,Yes,Credit card (automatic),34.44,96.69,No
CUST00356,Male,0,No,No,1,Yes,No,DSL,No,No,No,Yes,Yes,Yes,Month-to-month,No,Electronic check,35.06,70.51,Yes
CUST00357,Female,0,No,No,17,Yes,No,Fiber optic,No,No,No,Yes,No,No,Month-to-month,Yes,Mailed check,55.17,915.93,Yes
CUST00358,Female,0,No,Yes,12,Yes,Yes,Fiber optic,Yes,No,No,Yes,No,No,One year,No,Electronic check,51.9,618.73,Yes
CUST00359,Male,0,No,No,28,Yes,No,Fiber optic,No,Yes,Yes,No,No,No,One year,No,Electronic check,51.4,1420.74,No
CUST00360,Male,0,Yes,No,17,No,No phone service,Fiber optic,No,Yes,Yes,No,Yes,No,Two year,Yes,Bank transfer (automatic),43.29,720.99,Yes
CUST00361,Female,0,No,No,28,Yes,No,Fiber optic,No,Yes,Yes,No,No,Yes,Two year,Yes,Electronic check,56.11,1548.46,No
CUST00362,Female,0,No,No,27,Yes,No,DSL,Yes,No,No,Yes,No,No,Month-to-month,No,Bank transfer (automatic),40.73,1110.03,No
CUST00363,Female,0,No,No,6,Yes,Yes,DSL,Yes,Yes,Yes,No,Yes,No,Two year,Yes,Bank transfer (automatic),40.62,225.34,No
CUST00364,Female,0,No,No,12,Yes,Yes,Fiber optic,Yes,Yes,Yes,Yes,No,No,One year,Yes,Electronic check,53.87,619.31,No
CUST00365,Female,1,No,No,11,Yes,Yes,DSL,Yes,Yes,No,Yes,No,Yes,Month-to-month,Yes,Bank transfer (automatic),33.16,358.45,Yes
CUST00366,Female,0,No,No,3,Yes,Yes,DSL,Yes,Yes,Yes,No,No,No,Month-to-month,No,Bank transfer (automatic),36.6,132.77,No
CUST00367,Male,0,Yes,No,23,Yes,No,DSL,Yes,No,Yes,Yes,No,Yes,Month-to-month,Yes,Credit card (automatic),38.12,879.81,No
CUST00368,Female,0,Yes,No,1,Yes,Yes,No,No internet service,No internet service,No internet service,No internet service,No internet service,No internet service,One year,Yes,Mailed check,24.84,0.0,Yes
CUST00369,Male,1,No,No,22,Yes,No,DSL,No,No,Yes,Yes,Yes,No,Two year,Yes,Bank transfer (automatic),37.16,857.72,No
CUST00370,Female,0,No,Yes,9,Yes,No,Fiber optic,Yes,No,No,Yes,Yes,No,Two year,No,Bank transfer (automatic),51.9,452.54,No
CUST00371,Male,0,No,No,0,Yes,No,DSL,Yes,Yes,No,No,Yes,No,Month-to-month,No,Credit card (automatic),31.86,12.05,Yes
CUST00372,Female,0,No,No,4,Yes,Yes,Fiber optic,Yes,No,Yes,No,No,Yes,Two year,Yes,Credit card (automatic),51.41,238.13,Yes
CUST00373,Male,1,No,No,25,Yes,No,DSL,Yes,Yes,Yes,Yes,Yes,Yes,One year,Yes,Bank transfer (automatic),38.2,965.23,No
CUST00374,Female,1,No,No,17,Yes,No,DSL,No,No,No,Yes,Yes,No,Two year,No,Electronic check,42.82,726.38,No
CUST00375,Female,0,No,No,1,Yes,No,DSL,No,Yes,Yes,No,No,No,One year,Yes,Credit card (automatic),40.39,50.5,No
CUST00376,Male,0,No,No,40,Yes,No,No,No internet service,No internet service,No internet service,No internet service,No internet service,No internet service,Month-to-month,Yes,Bank transfer (automatic),38.57,1514.03,Yes
CUST00377,Male,0,Yes,Yes,10,Yes,No,Fiber optic,Yes,Yes,Yes,No,No,No,One year,Yes,Credit card (automatic),57.94,590.13,No
CUST00378,Female,1,Yes,Yes,9,Yes,Yes,Fiber optic,Yes,No,No,No,Yes,Yes,One year,No,Electronic check,54.22,471.05,No
CUST00379,Female,0,No,Yes,23,Yes,No,Fiber optic,Yes,Yes,Yes,No,Yes,No,One year,No,Electronic check,53.27,1234.88,No
CUST00380,Female,0,No,No,2,Yes,No,Fiber optic,No,No,Yes,Yes,No,No,Month-to-month,Yes,Mailed check,45.62,99.71,Yes
CUST00381,Male,0,No,No,1,Yes,Yes,DSL,Yes,Yes,Yes,No,No,Yes,One year,Yes,Bank transfer (automatic),36.16,40.98,No
CUST00382,Male,1,No,No,6,No,No phone service,Fiber optic,No,No,Yes,No,Yes,No,Month-to-month,Yes,Electronic check,35.89,223.91,No
CUST00383,Female,0,No,No,2,Yes,Yes,No,No internet service,No internet service,No internet service,No internet service,No internet service,No internet service,One year,Yes,Credit card (automatic),30.56,55.78,No
CUST00384,Male,0,No,No,26,Yes,No,DSL,No,Yes,Yes,Yes,No,No,Month-to-month,Yes,Mailed check,41.17,1063.36,Yes
CUST00385,Female,1,No,No,20,Yes,No,DSL,No,No,No,Yes,Yes,No,Two year,Yes,Bank transfer (automatic),48.04,967.82,No
CUST00386,Female,0,Yes,No,20,Yes,No,Fiber optic,Yes,Yes,No,Yes,No,Yes,One year,No,Electronic check,43.39,855.64,No
CUST00387,Female,0,Yes,Yes,4,Yes,Yes,Fiber optic,No,Yes,Yes,Yes,Yes,Yes,Two year,No,Mailed check,53.53,197.32,No
CUST00388,Male,0,No,Yes,3,Yes,Yes,Fiber optic,Yes,Yes,Yes,No,No,No,One year,Yes,Credit card (automatic),48.64,127.47,No
CUST00389,Female,0,No,No,12,Yes,No,DSL,Yes,No,Yes,No,No,No,Two year,Yes,Bank transfer (automatic),29.81,382.6,No
CUST00390,Male,0,No,No,46,No,No phone service,Fiber optic,Yes,No,Yes,Yes,No,Yes,One year,Yes,Credit card (automatic),44.68,2061.77,No
CUST00391,Female,0,Yes,Yes,13,Yes,No,Fiber optic,Yes,No,Yes,Yes,Yes,No,Month-to-month,No,Credit card (automatic),50.59,668.16,No
CUST00392,Male,0,No,No,12,Yes,No,Fiber optic,Yes,Yes,Yes,No,No,Yes,One year,No,Bank transfer (automatic),53.03,675.14,No
CUST00393,Female,0,No,No,0,Yes,Yes,Fiber optic,No,Yes,No,No,Yes,Yes,One year,No,Mailed check,55.14,0.0,No
CUST00394,Female,1,No,No,17,Yes,No,Fiber optic,No,Yes,Yes,Yes,Yes,Yes,One year,Yes,Credit card (automatic),56.57,983.88,No
CUST00395,Female,1,Yes,No,13,Yes,No,No,No internet service,No internet service,No internet service,No internet service,No internet service,No internet service,Month-to-month,Yes,Bank transfer (automatic),27.77,364.01,No
CUST00396,Male,0,No,Yes,23,Yes,No,No,No internet service,No internet service,No internet service,No internet service,No internet service,No internet service,Two year,Yes,Mailed check,23.74,562.97,No
CUST00397,Male,0,Yes,Yes,6,Yes,No,No,No internet service,No internet service,No internet service,No internet service,No internet service,No internet service,One year,Yes,Mailed check,30.09,188.97,No
CUST00398,Male,0,Yes,Yes,28,Yes,Yes,Fiber optic,Yes,Yes,Yes,Yes,No,Yes,Month-to-month,Yes,Bank transfer (automatic),59.29,1672.43,Yes
CUST00399,Female,1,Yes,No,15,Yes,Yes,DSL,Yes,Yes,Yes,No,Yes,Yes,Month-to-month,No,Mailed check,42.44,626.06,Yes
CUST00400,Female,1,No,No,1,No,No phone service,DSL,Yes,No,Yes,Yes,No,Yes,Month-to-month,Yes,Electronic check,27.04,63.8,Yes
CUST00401,Female,0,No,No,0,Yes,Yes,DSL,No,No,No,Yes,Yes,Yes,One year,No,Electronic check,25.57,0.0,No
CUST00402,Female,0,Yes,Yes,4,Yes,Yes,No,No internet service,No internet service,No internet service,No internet service,No internet service,No internet service,Two year,No,Mailed check,35.55,176.41,No
CUST00403,Female,0,No,No,0,Yes,Yes,DSL,Yes,No,No,Yes,Yes,Yes,Month-to-month,Yes,Mailed check,38.67,0.0,Yes
CUST00404,Female,0,Yes,No,64,Yes,No,DSL,Yes,Yes,Yes,Yes,No,Yes,Month-to-month,Yes,Credit card (automatic),48.15,3104.84,Yes
CUST00405,Female,0,No,No,10,Yes,Yes,Fiber optic,No,Yes,Yes,Yes,No,Yes,Month-to-month,Yes,Credit card (automatic),53.33,546.14,No
CUST00406,Female,1,Yes,No,10,Yes,No,DSL,No,Yes,No,Yes,No,No,Month-to-month,Yes,Electronic check,23.48,248.36,Yes
CUST00407,Female,0,Yes,No,17,Yes,Yes,Fiber optic,Yes,No,Yes,Yes,Yes,Yes,Month-to-month,Yes,Mailed check,57.83,987.71,Yes
CUST00408,Female,0,No,No,11,Yes,Yes,DSL,No,Yes,Yes,Yes,No,Yes,Month-to-month,Yes,Electronic check,45.4,514.24,Yes
CUST00409,Female,0,No,No,1,Yes,Yes,Fiber optic,Yes,Yes,Yes,No,Yes,Yes,Month-to-month,Yes,Electronic check,48.92,0.86,No
CUST00410,Male,1,No,No,11,Yes,Yes,No,No internet service,No internet service,No internet service,No internet service,No internet service,No internet service,Month-to-month,Yes,Credit card (automatic),32.42,390.52,No
CUST00411,Male,0,No,No,3,Yes,Yes,No,No internet service,No internet service,No internet service,No internet service,No internet service,No internet service,Month-to-month,No,Bank transfer (automatic),28.4,41.04,Yes
CUST00412,Male,0,Yes,No,3,Yes,Yes,Fiber optic,Yes,No,Yes,No,Yes,Yes,Month-to-month,Yes,Electronic check,43.57,129.05,Yes
CUST00413,Female,0,Yes,No,2,Yes,Yes,DSL,No,Yes,Yes,No,Yes,Yes,Month-to-month,No,Credit card (automatic),34.38,68.9,Yes
CUST00414,Female,0,Yes,No,0,Yes,Yes,Fiber optic,No,No,No,Yes,Yes,No,Month-to-month,Yes,Mailed check,48.45,0.0,No
CUST00415,Female,0,No,Yes,8,Yes,Yes,Fiber optic,No,Yes,Yes,Yes,No,No,Two year,Yes,Mailed check,53.49,424.31,No
CUST00416,Female,0,Yes,No,11,Yes,No,DSL,Yes,Yes,No,No,No,No,Month-to-month,No,Credit card (automatic),35.6,375.68,No
CUST00417,Female,1,Yes,Yes,8,Yes,Yes,Fiber optic,Yes,No,No,No,Yes,Yes,Month-to-month,Yes,Mailed check,49.6,383.74,Yes
CUST00418,Male,0,No,No,6,No,No phone service,No,No internet service,No internet service,No internet service,No internet service,No internet service,No internet service,One year,No,Mailed check,22.54,145.41,No
CUST00419,Male,0,Yes,Yes,20,Yes,Yes,Fiber optic,No,Yes,Yes,Yes,No,No,Month-to-month,Yes,Mailed check,54.72,1082.1,No
CUST00420,Female,0,Yes,Yes,5,No,No phone service,Fiber optic,No,No,Yes,Yes,No,No,Month-to-month,Yes,Mailed check,30.24,136.82,Yes
CUST00421,Female,0,Yes,Yes,16,Yes,Yes,DSL,Yes,No,Yes,No,Yes,No,Month-to-month,Yes,Mailed check,40.76,648.79,No
CUST00422,Male,0,No,No,5,Yes,Yes,Fiber optic,No,Yes,No,Yes,No,No,One year,Yes,Electronic check,50.51,252.93,No
CUST00423,Female,1,Yes,No,11,Yes,No,Fiber optic,No,No,No,No,No,Yes,Month-to-month,No,Credit card (automatic),54.11,607.94,Yes
CUST00424,Female,1,Yes,No,0,No,No phone service,Fiber optic,No,Yes,Yes,Yes,Yes,No,Month-to-month,No,Bank transfer (automatic),34.28,2.17,Yes
CUST00425,Male,0,No,No,4,Yes,Yes,Fiber optic,No,No,Yes,No,Yes,Yes,Month-to-month,Yes,Credit card (automatic),64.19,247.05,Yes
CUST00426,Male,0,No,No,9,Yes,No,Fiber optic,No,Yes,Yes,Yes,Yes,No,Month-to-month,No,Credit card (automatic),58.13,505.85,No
CUST00427,Male,1,No,No,14,Yes,No,No,No internet service,No internet service,No internet service,No internet service,No internet service,No internet service,One year,Yes,Bank transfer (automatic),42.0,573.09,No
CUST00428,Female,0,No,Yes,18,Yes,No,Fiber optic,No,No,Yes,No,Yes,No,Month-to-month,Yes,Bank transfer (automatic),60.56,1085.08,No
CUST00429,Female,1,No,Yes,29,Yes,No,Fiber optic,No,Yes,No,No,Yes,Yes,One year,Yes,Electronic check,46.7,1340.44,No
CUST00430,Male,0,No,No,11,Yes,No,DSL,No,Yes,No,Yes,Yes,Yes,Month-to-month,Yes,Credit card (automatic),42.36,488.49,Yes
CUST00431,Female,0,Yes,No,6,Yes,Yes,Fiber optic,Yes,Yes,No,No,Yes,Yes,Two year,No,Credit card (automatic),46.38,269.68,Yes
CUST00432,Female,0,Yes,No,12,Yes,No,DSL,No,Yes,Yes,Yes,Yes,Yes,One year,Yes,Mailed check,34.59,410.9,No
CUST00433,Male,0,No,No,13,Yes,Yes,DSL,No,No,Yes,Yes,Yes,Yes,One year,Yes,Electronic check,29.46,408.43,Yes
CUST00434,Female,1,Yes,No,7,Yes,Yes,Fiber optic,Yes,Yes,Yes,Yes,No,Yes,Month-to-month,No,Bank transfer (automatic),47.35,339.93,No
CUST00435,Female,0,Yes,No,8,Yes,Yes,Fiber optic,Yes,Yes,Yes,Yes,Yes,No,Month-to-month,No,Electronic check,51.09,416.91,Yes
CUST00436,Male,0,No,No,5,Yes,No,Fiber optic,Yes,No,Yes,Yes,No,No,Month-to-month,Yes,Credit card (automatic),49.71,280.52,Yes
CUST00437,Male,1,No,No,1,Yes,Yes,Fiber optic,No,No,Yes,Yes,No,No,Month-to-month,Yes,Bank transfer (automatic),49.73,54.31,No
CUST00438,Female,0,Yes,No,21,No,No phone service,Fiber optic,Yes,No,No,Yes,Yes,No,One year,Yes,Electronic check,43.66,925.81,No
CUST00439,Male,0,Yes,No,9,Yes,Yes,Fiber optic,Yes,Yes,No,Yes,No,Yes,One year,No,Electronic check,52.72,450.87,No
CUST00440,Male,0,No,No,21,Yes,No,Fiber optic,No,No,No,No,No,No,Month-to-month,Yes,Electronic check,45.19,938.14,Yes
CUST00441,Female,0,No,Yes,0,No,No phone service,DSL,Yes,Yes,No,Yes,Yes,No,One year,Yes,Bank transfer (automatic),18.69,0.0,No
CUST00442,Male,0,No,No,5,Yes,No,Fiber optic,Yes,No,No,No,No,No,Two year,Yes,Electronic check,45.64,232.98,No
CUST00443,Male,0,No,No,8,Yes,No,DSL,No,No,No,Yes,Yes,Yes,One year,No,Bank transfer (automatic),38.06,322.47,No
CUST00444,Male,0,No,Yes,2,Yes,No,Fiber optic,No,No,No,Yes,Yes,No,Month-to-month,Yes,Credit card (automatic),48.07,94.02,Yes
CUST00445,Female,0,No,No,3,Yes,Yes,DSL,No,No,Yes,No,No,Yes,Month-to-month,No,Credit card (automatic),36.93,146.17,No
CUST00446,Female,0,Yes,Yes,18,Yes,No,Fiber optic,Yes,No,Yes,No,Yes,Yes,Month-to-month,Yes,Credit card (automatic),54.95,982.24,Yes
CUST00447,Female,1,Yes,No,34,Yes,No,Fiber optic,No,No,Yes,No,Yes,Yes,Month-to-month,Yes,Bank transfer (automatic),56.18,1886.67,No
CUST00448,Male,0,No,No,23,Yes,No,Fiber optic,Yes,Yes,No,No,Yes,No,Two year,Yes,Mailed check,45.73,1077.03,No
CUST00449,Male,0,No,No,17,Yes,No,DSL,No,No,Yes,No,Yes,No,Month-to-month,Yes,Bank transfer (automatic),39.6,624.81,No
CUST00450,Male,0,No,No,24,Yes,Yes,No,No internet service,No internet service,No internet service,No internet service,No internet service,No internet service,One year,Yes,Mailed check,34.53,834.43,No
CUST00451,Female,0,Yes,No,10,Yes,No,DSL,No,Yes,Yes,No,No,Yes,Month-to-month,No,Bank transfer (automatic),42.83,424.21,No
CUST00452,Female,0,No,No,25,No,No phone service,Fiber optic,No,No,No,Yes,No,Yes,Month-to-month,Yes,Mailed check,47.97,1140.44,No
CUST00453,Male,1,Yes,No,0,Yes,No,Fiber optic,Yes,Yes,Yes,No,Yes,Yes,Month-to-month,No,Mailed check,59.79,0.0,No
CUST00454,Male,0,No,No,1,Yes,Yes,DSL,No,Yes,No,No,Yes,No,Two year,No,Mailed check,30.34,2.75,No
CUST00455,Male,0,Yes,No,2,No,No phone service,Fiber optic,No,No,Yes,Yes,Yes,No,Month-to-month,Yes,Credit card (automatic),37.72,92.57,Yes
CUST00456,Male,0,No,Yes,21,Yes,Yes,No,No internet service,No internet service,No internet service,No internet service,No internet service,No internet service,Month-to-month,Yes,Electronic check,30.99,659.43,No
CUST00457,Female,0,No,No,12,Yes,No,Fiber optic,Yes,No,Yes,No,No,No,Two year,Yes,Electronic check,55.32,672.83,No
CUST00458,Male,0,No,No,8,Yes,No,DSL,No,Yes,Yes,No,No,Yes,Two year,Yes,Bank transfer (automatic),35.78,271.34,No
CUST00459,Female,0,Yes,No,5,Yes,Yes,No,No internet service,No internet service,No internet service,No internet service,No internet service,No internet service,Month-to-month,Yes,Bank transfer (automatic),31.53,154.95,No
CUST00460,Female,0,No,No,37,Yes,No,Fiber optic,No,No,No,Yes,Yes,No,Month-to-month,Yes,Bank transfer (automatic),47.93,1777.68,Yes
CUST00461,Female,0,No,No,18,Yes,Yes,Fiber optic,Yes,Yes,No,Yes,No,No,One year,Yes,Mailed check,52.7,950.25,Yes
CUST00462,Male,0,No,No,4,Yes,No,Fiber optic,Yes,No,Yes,No,No,Yes,Month-to-month,Yes,Credit card (automatic),46.95,169.0,No
CUST00463,Female,1,No,No,6,Yes,Yes,No,No internet service,No internet service,No internet service,No internet service,No internet service,No internet service,One year,No,Electronic check,29.81,191.53,No
CUST00464,Female,0,Yes,No,12,Yes,No,Fiber optic,No,Yes,Yes,No,Yes,Yes,Month-to-month,Yes,Credit card (automatic),52.7,637.95,Yes
CUST00465,Female,0,Yes,No,1,Yes,No,DSL,No,No,Yes,No,Yes,Yes,Two year,Yes,Mailed check,35.24,55.31,No
CUST00466,Female,0,Yes,No,11,Yes,No,DSL,No,Yes,No,No,Yes,Yes,Month-to-month,No,Credit card (automatic),38.25,410.92,Yes
CUST00467,Male,0,No,No,20,Yes,No,DSL,Yes,Yes,No,Yes,No,No,Two year,No,Electronic check,40.18,830.99,No
CUST00468,Male,0,Yes,No,17,Yes,No,Fiber optic,Yes,Yes,Yes,No,Yes,No,Two year,No,Mailed check,53.27,870.21,No
CUST00469,Male,0,Yes,No,11,Yes,Yes,DSL,Yes,No,No,No,No,No,Two year,Yes,Bank transfer (automatic),34.07,375.08,No
CUST00470,Female,0,No,Yes,0,Yes,No,Fiber optic,Yes,No,Yes,Yes,Yes,Yes,Month-to-month,Yes,Bank transfer (automatic),54.13,0.0,Yes
CUST00471,Male,0,No,No,5,No,No phone service,No,No internet service,No internet service,No internet service,No internet service,No internet service,No internet service,Month-to-month,Yes,Credit card (automatic),24.64,113.44,Yes
CUST00472,Female,0,No,No,26,Yes,Yes,DSL,Yes,No,Yes,Yes,No,Yes,One year,No,Mailed check,44.45,1152.95,No
CUST00473,Female,1,No,Yes,1,Yes,Yes,No,No internet service,No internet service,No internet service,No internet service,No internet service,No internet service,Month-to-month,No,Electronic check,29.87,69.5,Yes
CUST00474,Female,0,Yes,No,14,Yes,No,DSL,Yes,No,No,No,No,Yes,Month-to-month,Yes,Credit card (automatic),42.63,621.54,No
CUST00475,Female,0,No,No,36,No,No phone service,Fiber optic,Yes,Yes,Yes,No,No,Yes,One year,Yes,Credit card (automatic),41.92,1530.29,Yes
CUST00476,Male,0,Yes,Yes,12,No,No phone service,No,No internet service,No internet service,No internet service,No internet service,No internet service,No internet service,Month-to-month,No,Mailed check,21.7,251.4,No
CUST00477,Female,0,No,No,6,Yes,Yes,DSL,No,No,No,Yes,No,Yes,Two year,Yes,Credit card (automatic),28.99,169.75,No
CUST00478,Female,0,No,No,0,Yes,No,DSL,No,No,Yes,No,No,Yes,Month-to-month,Yes,Credit card (automatic),32.73,29.05,No
CUST00479,Male,1,No,No,2,No,No phone service,Fiber optic,Yes,No,No,No,Yes,No,Month-to-month,No,Bank transfer (automatic),38.55,119.18,No
CUST00480,Male,0,No,No,13,Yes,Yes,No,No internet service,No internet service,No internet service,No internet service,No internet service,No internet service,Month-to-month,Yes,Credit card (automatic),24.83,339.15,Yes
CUST00481,Male,0,No,No,16,Yes,No,DSL,Yes,Yes,Yes,No,Yes,Yes,Two year,Yes,Credit card (automatic),43.58,669.91,No
CUST00482,Female,0,Yes,No,2,Yes,No,Fiber optic,No,No,Yes,Yes,Yes,Yes,One year,No,Electronic check,48.76,109.58,Yes
CUST00483,Female,0,No,Yes,1,Yes,Yes,Fiber optic,No,No,No,No,No,No,Two year,Yes,Mailed check,41.48,43.86,No
CUST00484,Male,0,Yes,No,5,Yes,Yes,No,No internet service,No internet service,No internet service,No internet service,No internet service,No internet service,Month-to-month,No,Mailed check,29.86,129.41,Yes
CUST00485,Female,0,No,No,9,Yes,Yes,DSL,No,Yes,No,No,Yes,Yes,Month-to-month,Yes,Credit card (automatic),36.41,327.99,No
CUST00486,Female,1,No,No,8,Yes,Yes,DSL,No,Yes,No,Yes,Yes,No,Two year,No,Bank transfer (automatic),30.7,267.89,No
CUST00487,Male,0,No,No,8,Yes,No,DSL,Yes,Yes,No,No,Yes,No,Two year,Yes,Credit card (automatic),35.41,287.12,No
CUST00488,Male,0,No,No,4,Yes,No,DSL,No,Yes,No,No,No,Yes,Month-to-month,Yes,Bank transfer (automatic),36.31,176.22,Yes
CUST00489,Female,0,Yes,No,0,Yes,No,No,No internet service,No internet service,No internet service,No internet service,No internet service,No internet service,One year,No,Credit card (automatic),34.94,0.0,No
CUST00490,Male,1,No,No,0,Yes,No,DSL,Yes,Yes,No,Yes,No,No,Month-to-month,Yes,Electronic check,35.87,4.88,No
CUST00491,Male,0,Yes,No,6,Yes,Yes,No,No internet service,No internet service,No internet service,No internet service,No internet service,No internet service,Two year,Yes,Electronic check,29.22,171.73,Yes
CUST00492,Female,0,No,No,7,Yes,Yes,Fiber optic,No,No,Yes,No,Yes,Yes,One year,No,Credit card (automatic),50.52,386.87,Yes
CUST00493,Female,1,No,No,34,No,No phone service,Fiber optic,Yes,Yes,Yes,Yes,Yes,Yes,Two year,Yes,Bank transfer (automatic),49.49,1683.69,Yes
CUST00494,Female,0,No,No,3,Yes,Yes,Fiber optic,No,Yes,Yes,Yes,No,No,One year,Yes,Credit card (automatic),48.72,139.81,No
CUST00495,Female,0,Yes,Yes,10,Yes,No,Fiber optic,Yes,Yes,No,Yes,Yes,No,Month-to-month,Yes,Credit card (automatic),53.63,528.91,No
CUST00496,Female,0,No,No,13,Yes,Yes,DSL,No,No,Yes,No,Yes,No,One year,No,Mailed check,33.55,411.0,No
CUST00497,Male,0,No,No,7,Yes,No,Fiber optic,No,No,No,Yes,No,Yes,One year,Yes,Mailed check,53.05,383.75,Yes
CUST00498,Female,0,No,No,0,Yes,No,Fiber optic,No,Yes,Yes,No,No,Yes,Month-to-month,Yes,Mailed check,45.82,41.79,Yes
CUST00499,Male,1,No,No,9,Yes,Yes,DSL,No,Yes,No,No,Yes,Yes,Two year,Yes,Bank transfer (automatic),36.82,298.85,No
CUST00500,Male,0,Yes,No,3,Yes,No,Fiber optic,Yes,No,No,Yes,Yes,No,Month-to-month,No,Mailed check,49.7,176.56,Yes
CUST00501,Female,0,No,Yes,0,Yes,Yes,No,No internet service,No internet service,No internet service,No internet service,No internet service,No internet service,Month-to-month,Yes,Credit card (automatic),29.0,0.0,Yes
CUST00502,Female,0,Yes,Yes,22,Yes,No,DSL,Yes,No,No,No,No,No,One year,No,Credit card (automatic),37.25,831.27,No
CUST00503,Female,0,No,Yes,36,Yes,No,DSL,Yes,Yes,No,No,Yes,Yes,Two year,Yes,Electronic check,42.44,1534.48,No
CUST00504,Female,0,Yes,No,10,Yes,Yes,DSL,No,No,No,No,No,Yes,One year,Yes,Credit card (automatic),37.95,366.26,No
CUST00505,Male,0,No,No,18,Yes,Yes,No,No internet service,No internet service,No internet service,No internet service,No internet service,No internet service,Month-to-month,Yes,Bank transfer (automatic),33.73,618.58,No
CUST00506,Male,0,No,No,2,Yes,No,No,No internet service,No internet service,No internet service,No internet service,No internet service,No internet service,One year,Yes,Mailed check,39.42,75.02,Yes
CUST00507,Male,0,No,No,13,Yes,No,DSL,No,Yes,No,No,Yes,No,Month-to-month,Yes,Credit card (automatic),38.76,479.82,No
CUST00508,Female,0,No,No,0,Yes,No,Fiber optic,Yes,Yes,Yes,Yes,Yes,No,Month-to-month,Yes,Mailed check,43.75,12.09,Yes
CUST00509,Male,1,Yes,Yes,15,Yes,No,DSL,No,No,Yes,No,Yes,No,Month-to-month,Yes,Bank transfer (automatic),37.23,540.99,Yes
CUST00510,Female,0,Yes,Yes,13,Yes,Yes,DSL,Yes,No,Yes,Yes,No,No,One year,Yes,Bank transfer (automatic),35.81,452.58,No
CUST00511,Male,1,Yes,Yes,59,Yes,No,DSL,No,No,No,Yes,Yes,Yes,Month-to-month,Yes,Mailed check,40.08,2332.65,No
CUST00512,Female,1,No,No,36,No,No phone service,DSL,No,No,No,Yes,No,Yes,Month-to-month,Yes,Electronic check,22.87,843.47,No
CUST00513,Female,0,No,No,9,Yes,Yes,DSL,No,No,Yes,Yes,Yes,No,Month-to-month,Yes,Mailed check,43.69,368.31,Yes
CUST00514,Female,0,No,No,30,Yes,No,No,No internet service,No internet service,No internet service,No internet service,No internet service,No internet service,One year,No,Mailed check,36.07,1063.02,No
CUST00515,Male,0,Yes,No,0,Yes,No,No,No internet service,No internet service,No internet service,No internet service,No internet service,No internet service,Month-to-month,Yes,Mailed check,31.07,0.0,Yes
CUST00516,Female,1,Yes,No,10,Yes,No,DSL,Yes,Yes,No,No,Yes,No,Two year,No,Bank transfer (automatic),46.88,437.52,No
CUST00517,Female,0,Yes,No,3,Yes,Yes,Fiber optic,No,Yes,Yes,Yes,No,Yes,Two year,No,Credit card (automatic),54.5,157.69,No
CUST00518,Female,1,No,No,6,Yes,Yes,Fiber optic,No,Yes,No,No,No,No,Month-to-month,No,Electronic check,50.56,333.58,Yes
CUST00519,Male,0,No,No,10,Yes,Yes,Fiber optic,No,No,Yes,Yes,No,Yes,Month-to-month,Yes,Bank transfer (automatic),49.25,471.98,No
CUST00520,Male,0,Yes,No,0,Yes,Yes,DSL,No,Yes,No,No,Yes,Yes,One year,Yes,Mailed check,21.98,3.98,No
CUST00521,Male,0,No,No,4,Yes,Yes,No,No internet service,No internet service,No internet service,No internet service,No internet service,No internet service,One year,Yes,Electronic check,35.99,158.77,No
CUST00522,Female,0,No,No,25,Yes,No,Fiber optic,Yes,No,No,No,No,Yes,One year,Yes,Bank transfer (automatic),46.11,1159.14,No
CUST00523,Male,0,No,Yes,1,Yes,No,Fiber optic,No,Yes,No,Yes,No,Yes,Two year,No,Mailed check,53.65,2.48,Yes
CUST00524,Female,1,No,No,3,Yes,No,DSL,Yes,Yes,No,No,Yes,No,Two year,Yes,Credit card (automatic),30.16,68.76,Yes
CUST00525,Male,0,No,No,15,Yes,Yes,No,No internet service,No internet service,No internet service,No internet service,No internet service,No internet service,One year,No,Electronic check,39.09,602.76,No
CUST00526,Female,0,No,Yes,4,Yes,Yes,Fiber optic,Yes,Yes,Yes,No,Yes,No,One year,Yes,Electronic check,56.77,207.46,No
CUST00527,Male,0,No,No,5,Yes,Yes,Fiber optic,No,Yes,Yes,No,No,No,One year,No,Electronic check,58.3,257.1,No
CUST00528,Female,0,No,No,9,Yes,No,Fiber optic,Yes,Yes,Yes,Yes,Yes,Yes,One year,Yes,Credit card (automatic),47.65,439.3,No
CUST00529,Female,0,No,No,36,Yes,Yes,DSL,No,No,No,No,Yes,Yes,Month-to-month,No,Bank transfer (automatic),34.26,1249.22,No
CUST00530,Female,0,No,No,1,Yes,Yes,DSL,Yes,No,No,Yes,Yes,Yes,One year,Yes,Credit card (automatic),45.18,107.38,No
CUST00531,Female,1,No,No,21,Yes,No,Fiber optic,No,No,Yes,Yes,No,Yes,Month-to-month,No,Mailed check,59.61,1271.72,Yes
CUST00532,Male,1,No,Yes,14,Yes,No,No,No internet service,No internet service,No internet service,No internet service,No internet service,No internet service,Month-to-month,Yes,Electronic check,36.13,514.25,Yes
CUST00533,Female,0,Yes,No,2,Yes,Yes,DSL,Yes,No,Yes,Yes,Yes,Yes,Month-to-month,Yes,Bank transfer (automatic),28.9,33.36,No
CUST00534,Male,1,Yes,No,14,Yes,Yes,DSL,No,Yes,Yes,Yes,No,Yes,Month-to-month,Yes,Credit card (automatic),40.09,594.75,No
CUST00535,Male,0,Yes,No,5,Yes,No,No,No internet service,No internet service,No internet service,No internet service,No internet service,No internet service,Month-to-month,Yes,Mailed check,33.27,155.66,No
CUST00536,Male,0,Yes,No,0,Yes,No,No,No internet service,No internet service,No internet service,No internet service,No internet service,No internet service,Month-to-month,Yes,Mailed check,22.41,0.0,No
CUST00537,Female,0,No,No,9,Yes,No,No,No internet service,No internet service,No internet service,No internet service,No internet service,No internet service,Two year,No,Credit card (automatic),40.9,368.9,No
CUST00538,Male,0,No,No,19,Yes,Yes,DSL,No,No,No,No,Yes,No,One year,Yes,Credit card (automatic),28.03,554.51,Yes
CUST00539,Female,1,No,No,2,Yes,Yes,DSL,Yes,No,Yes,No,Yes,No,Month-to-month,Yes,Mailed check,29.81,39.38,No
CUST00540,Female,0,Yes,Yes,19,Yes,No,Fiber optic,No,Yes,Yes,No,No,No,Month-to-month,Yes,Bank transfer (automatic),57.22,1059.86,No
CUST00541,Female,0,Yes,No,28,Yes,Yes,DSL,Yes,No,Yes,No,Yes,No,Two year,Yes,Electronic check,40.95,1133.8,No
CUST00542,Female,0,Yes,Yes,5,Yes,No,DSL,No,Yes,Yes,No,Yes,No,Month-to-month,Yes,Credit card (automatic),28.39,164.2,No
CUST00543,Female,0,No,No,0,Yes,Yes,No,No internet service,No internet service,No internet service,No internet service,No internet service,No internet service,Month-to-month,No,Mailed check,26.48,18.64,Yes
CUST00544,Female,0,Yes,No,4,Yes,No,Fiber optic,No,No,Yes,No,Yes,No,One year,No,Mailed check,50.02,189.11,No
CUST00545,Female,0,No,No,13,Yes,Yes,DSL,Yes,No,No,No,Yes,No,Month-to-month,No,Bank transfer (automatic),31.67,422.13,No
CUST00546,Female,0,No,No,1,Yes,Yes,DSL,No,No,No,Yes,No,Yes,Month-to-month,Yes,Electronic check,30.38,11.24,Yes
CUST00547,Female,1,No,No,0,Yes,Yes,DSL,Yes,Yes,No,Yes,Yes,Yes,Month-to-month,No,Bank transfer (automatic),28.36,1.55,No
CUST00548,Male,0,Yes,No,6,Yes,Yes,Fiber optic,Yes,Yes,No,No,No,Yes,Two year,Yes,Credit card (automatic),55.65,354.6,No
CUST00549,Female,0,No,No,6,No,No phone service,DSL,Yes,No,No,No,Yes,No,One year,Yes,Credit card (automatic),22.06,119.1,No
CUST00550,Female,0,Yes,No,4,Yes,No,Fiber optic,Yes,No,No,No,No,Yes,One year,Yes,Credit card (automatic),51.84,208.75,No
CUST00551,Female,0,No,No,0,Yes,Yes,Fiber optic,Yes,No,No,No,Yes,Yes,Month-to-month,No,Mailed check,49.58,3.71,Yes
CUST00552,Male,0,Yes,No,11,Yes,Yes,Fiber optic,Yes,No,No,Yes,No,Yes,One year,Yes,Bank transfer (automatic),45.7,519.29,Yes
CUST00553,Female,1,No,No,3,Yes,No,DSL,No,No,No,No,Yes,No,Month-to-month,Yes,Mailed check,41.55,144.92,No
CUST00554,Female,0,No,No,3,Yes,Yes,Fiber optic,Yes,No,Yes,No,No,Yes,Month-to-month,Yes,Electronic check,55.69,172.5,No
CUST00555,Male,0,Yes,No,2,Yes,Yes,Fiber optic,Yes,No,Yes,No,No,Yes,Month-to-month,Yes,Mailed check,49.33,104.2,No
CUST00556,Female,0,No,No,13,Yes,Yes,Fiber optic,No,No,Yes,Yes,Yes,No,One year,No,Bank transfer (automatic),51.45,667.98,No
CUST00557,Male,0,Yes,Yes,7,Yes,Yes,DSL,Yes,Yes,Yes,Yes,Yes,Yes,Month-to-month,Yes,Bank transfer (automatic),35.85,260.9,No
CUST00558,Female,0,No,Yes,13,Yes,No,No,No internet service,No internet service,No internet service,No internet service,No internet service,No internet service,Month-to-month,Yes,Bank transfer (automatic),32.48,418.75,Yes
CUST00559,Female,0,Yes,No,29,Yes,No,DSL,Yes,Yes,No,No,Yes,Yes,Two year,Yes,Credit card (automatic),32.77,941.55,No
CUST00560,Male,0,No,No,0,No,No phone service,Fiber optic,No,Yes,No,No,Yes,No,Month-to-month,No,Bank transfer (automatic),48.75,27.63,No
CUST00561,Female,0,Yes,Yes,15,No,No phone service,Fiber optic,Yes,Yes,Yes,Yes,Yes,No,Month-to-month,Yes,Mailed check,44.8,683.36,Yes
CUST00562,Male,0,Yes,No,2,Yes,Yes,Fiber optic,Yes,Yes,No,No,Yes,No,Month-to-month,No,Electronic check,45.82,75.0,Yes
CUST00563,Female,0,No,No,15,Yes,No,DSL,Yes,Yes,Yes,Yes,No,No,Month-to-month,No,Electronic check,46.07,710.99,Yes
CUST00564,Female,1,Yes,Yes,21,Yes,Yes,No,No internet service,No internet service,No internet service,No internet service,No internet service,No internet service,Month-to-month,Yes,Mailed check,36.7,780.14,No
CUST00565,Male,0,No,No,2,Yes,Yes,Fiber optic,Yes,No,Yes,Yes,No,No,One year,No,Mailed check,57.49,128.61,No
CUST00566,Female,0,No,No,0,No,No phone service,Fiber optic,No,Yes,No,No,No,No,One year,No,Credit card (automatic),43.42,0.0,No
CUST00567,Male,0,No,No,3,Yes,No,Fiber optic,Yes,Yes,No,No,No,No,Month-to-month,Yes,Credit card (automatic),54.65,158.56,No
CUST00568,Male,0,Yes,No,7,Yes,Yes,DSL,No,No,No,No,No,No,Month-to-month,Yes,Electronic check,29.71,221.83,No
CUST00569,Female,0,No,No,7,Yes,Yes,DSL,No,No,No,No,No,Yes,One year,No,Mailed check,39.09,277.31,Yes
CUST00570,Male,0,No,No,4,Yes,Yes,Fiber optic,Yes,No,No,Yes,No,Yes,One year,No,Mailed check,48.86,194.53,Yes
CUST00571,Male,0,Yes,Yes,0,Yes,No,Fiber optic,Yes,Yes,No,Yes,No,No,One year,Yes,Credit card (automatic),53.97,0.0,Yes
CUST00572,Female,0,No,No,6,No,No phone service,No,No internet service,No internet service,No internet service,No internet service,No internet service,No internet service,Month-to-month,Yes,Bank transfer (automatic),15.0,106.26,Yes
CUST00573,Male,0,Yes,Yes,0,Yes,No,DSL,Yes,No,Yes,Yes,Yes,No,Month-to-month,No,Credit card (automatic),37.71,0.0,No
CUST00574,Male,0,Yes,Yes,13,Yes,No,DSL,Yes,No,Yes,Yes,Yes,Yes,One year,No,Mailed check,35.94,454.98,No
CUST00575,Female,0,No,No,8,Yes,Yes,No,No internet service,No internet service,No internet service,No internet service,No internet service,No internet service,Month-to-month,Yes,Credit card (automatic),20.88,177.7,Yes
CUST00576,Male,0,Yes,No,18,Yes,No,Fiber optic,Yes,Yes,Yes,No,Yes,Yes,Month-to-month,Yes,Electronic check,56.34,1009.02,No
CUST00577,Female,0,No,No,5,Yes,No,Fiber optic,No,No,No,No,No,No,Two year,No,Credit card (automatic),54.54,272.88,No
CUST00578,Female,0,No,No,5,Yes,Yes,DSL,No,Yes,Yes,Yes,No,Yes,Month-to-month,No,Credit card (automatic),36.88,244.11,Yes
CUST00579,Female,1,No,Yes,13,Yes,No,DSL,No,Yes,No,No,Yes,No,Month-to-month,No,Electronic check,38.47,503.4,No
CUST00580,Female,0,No,No,11,No,No phone service,No,No internet service,No internet service,No internet service,No internet service,No internet service,No internet service,Two year,No,Credit card (automatic),24.57,251.74,No
CUST00581,Female,0,No,No,3,Yes,Yes,DSL,Yes,No,No,Yes,No,Yes,Month-to-month,Yes,Mailed check,36.16,143.37,Yes
CUST00582,Male,0,Yes,No,0,Yes,Yes,Fiber optic,Yes,Yes,No,No,No,Yes,One year,No,Electronic check,46.45,0.0,Yes
CUST00583,Male,0,No,No,8,Yes,No,No,No internet service,No internet service,No internet service,No internet service,No internet service,No internet service,Two year,No,Electronic check,24.51,208.08,Yes
CUST00584,Female,0,Yes,No,3,Yes,No,Fiber optic,No,Yes,Yes,No,Yes,No,Month-to-month,Yes,Mailed check,55.71,208.9,Yes
CUST00585,Male,0,No,Yes,9,Yes,No,Fiber optic,Yes,No,Yes,Yes,No,No,Month-to-month,Yes,Mailed check,57.23,536.17,Yes
CUST00586,Male,0,Yes,Yes,6,Yes,No,DSL,No,Yes,No,No,Yes,No,Month-to-month,No,Electronic check,37.84,245.53,No
CUST00587,Female,0,Yes,No,11,Yes,No,Fiber optic,Yes,No,No,No,Yes,No,Month-to-month,No,Mailed check,50.52,539.93,Yes
CUST00588,Male,0,No,No,2,Yes,No,DSL,Yes,Yes,No,No,No,No,Two year,No,Credit card (automatic),39.69,74.69,Yes
CUST00589,Male,0,No,No,6,Yes,Yes,Fiber optic,No,Yes,Yes,No,Yes,No,Month-to-month,Yes,Mailed check,50.97,290.52,No
CUST00590,Female,0,No,No,14,Yes,Yes,No,No internet service,No internet service,No internet service,No internet service,No internet service,No internet service,Month-to-month,No,Bank transfer (automatic),34.2,513.97,No
CUST00591,Male,0,No,No,22,Yes,No,Fiber optic,Yes,Yes,Yes,No,No,Yes,Two year,Yes,Bank transfer (automatic),43.97,963.6,No
CUST00592,Female,0,No,No,2,Yes,Yes,DSL,No,No,No,Yes,No,Yes,One year,No,Credit card (automatic),31.4,61.53,No
CUST00593,Female,0,No,No,27,Yes,Yes,DSL,No,Yes,Yes,No,No,Yes,One year,Yes,Credit card (automatic),39.02,1072.35,No
CUST00594,Female,1,Yes,Yes,0,Yes,Yes,Fiber optic,Yes,No,No,Yes,Yes,Yes,Two year,No,Mailed check,46.97,4.23,No
CUST00595,Male,0,Yes,No,6,Yes,Yes,DSL,Yes,Yes,Yes,No,Yes,Yes,Two year,Yes,Bank transfer (automatic),30.81,171.09,No
CUST00596,Male,0,No,No,0,Yes,No,DSL,No,No,Yes,No,No,No,One year,Yes,Electronic check,31.98,0.0,No
CUST00597,Male,0,Yes,Yes,14,Yes,Yes,No,No internet service,No internet service,No internet service,No internet service,No internet service,No internet service,One year,Yes,Bank transfer (automatic),31.76,486.84,Yes
CUST00598,Female,0,Yes,No,17,Yes,No,DSL,Yes,No,No,Yes,No,No,Two year,Yes,Mailed check,34.73,592.05,No
CUST00599,Male,0,No,No,18,Yes,Yes,Fiber optic,Yes,No,Yes,No,No,No,Month-to-month,No,Electronic check,57.36,1044.96,Yes
CUST00600,Female,0,Yes,Yes,13,Yes,Yes,DSL,Yes,No,No,No,Yes,Yes,Month-to-month,Yes,Mailed check,44.62,594.02,Yes
CUST00601,Female,0,No,No,26,Yes,No,Fiber optic,No,Yes,No,No,No,Yes,Two year,Yes,Credit card (automatic),56.98,1485.84,No
CUST00602,Male,0,Yes,No,12,No,No phone service,Fiber optic,No,No,Yes,No,Yes,Yes,One year,Yes,Bank transfer (automatic),43.35,539.03,No
CUST00603,Male,0,No,No,7,Yes,Yes,Fiber optic,No,No,Yes,No,No,No,Month-to-month,Yes,Credit card (automatic),46.46,343.88,Yes
CUST00604,Male,0,Yes,No,3,No,No phone service,Fiber optic,No,Yes,Yes,Yes,Yes,Yes,Month-to-month,Yes,Bank transfer (automatic),38.75,88.14,No
CUST00605,Female,0,No,Yes,2,No,No phone service,Fiber optic,Yes,No,No,Yes,No,Yes,One year,No,Electronic check,41.51,73.43,Yes
CUST00606,Female,0,No,No,12,Yes,Yes,Fiber optic,Yes,Yes,Yes,Yes,No,Yes,Month-to-month,No,Credit card (automatic),49.11,606.41,No
CUST00607,Female,0,Yes,No,33,Yes,Yes,No,No internet service,No internet service,No internet service,No internet service,No internet service,No internet service,Two year,No,Bank transfer (automatic),29.49,995.27,No
CUST00608,Female,0,No,No,14,Yes,No,DSL,No,Yes,No,No,Yes,No,Month-to-month,Yes,Bank transfer (automatic),40.12,534.34,Yes
CUST00609,Female,0,Yes,No,20,Yes,No,Fiber optic,Yes,No,No,Yes,Yes,Yes,Month-to-month,No,Electronic check,57.56,1166.39,Yes
CUST00610,Male,0,No,No,14,Yes,No,DSL,No,Yes,No,Yes,No,No,Month-to-month,Yes,Credit card (automatic),32.76,419.39,Yes
CUST00611,Male,0,Yes,No,0,Yes,Yes,DSL,Yes,No,No,No,Yes,Yes,One year,No,Bank transfer (automatic),33.34,9.83,No
CUST00612,Male,0,No,No,13,Yes,Yes,DSL,No,No,Yes,Yes,Yes,Yes,Month-to-month,Yes,Electronic check,41.0,526.96,No
CUST00613,Male,0,Yes,No,27,Yes,Yes,Fiber optic,No,No,No,Yes,No,Yes,One year,No,Mailed check,53.05,1445.24,No
CUST00614,Male,0,Yes,Yes,1,Yes,Yes,Fiber optic,No,Yes,No,Yes,Yes,Yes,Two year,Yes,Mailed check,53.98,66.23,No
CUST00615,Male,1,Yes,No,3,Yes,Yes,No,No internet service,No internet service,No internet service,No internet service,No internet service,No internet service,Month-to-month,No,Electronic check,30.11,80.25,Yes
CUST00616,Male,0,Yes,No,5,Yes,Yes,DSL,No,No,Yes,No,Yes,No,Month-to-month,Yes,Bank transfer (automatic),37.67,216.98,Yes
CUST00617,Female,0,Yes,No,3,Yes,Yes,DSL,No,Yes,No,No,No,Yes,Month-to-month,Yes,Credit card (automatic),42.27,139.4,Yes
CUST00618,Female,0,Yes,Yes,11,Yes,Yes,DSL,No,No,Yes,No,Yes,No,Month-to-month,Yes,Electronic check,47.26,540.33,No
CUST00619,Male,0,No,No,10,Yes,Yes,DSL,No,Yes,Yes,No,No,No,Two year,Yes,Mailed check,45.84,448.56,No
CUST00620,Male,0,Yes,No,10,Yes,No,No,No internet service,No internet service,No internet service,No internet service,No internet service,No internet service,Month-to-month,No,Credit card (automatic),33.84,296.4,Yes
CUST00621,Male,1,No,No,47,No,No phone service,Fiber optic,Yes,No,Yes,No,Yes,Yes,One year,No,Credit card (automatic),54.99,2595.52,No
CUST00622,Female,0,No,No,0,No,No phone service,DSL,No,No,No,No,Yes,Yes,Month-to-month,Yes,Electronic check,34.77,0.0,No
CUST00623,Female,0,No,No,34,Yes,Yes,DSL,No,Yes,Yes,Yes,Yes,Yes,Month-to-month,No,Bank transfer (automatic),41.81,1396.0,No
CUST00624,Male,0,Yes,No,12,Yes,Yes,No,No internet service,No internet service,No internet service,No internet service,No internet service,No internet service,Month-to-month,Yes,Bank transfer (automatic),28.69,334.57,No
CUST00625,Female,0,Yes,No,2,Yes,No,Fiber optic,No,No,No,Yes,Yes,No,Month-to-month,No,Mailed check,48.41,133.22,No
CUST00626,Female,0,No,No,2,No,No phone service,Fiber optic,Yes,No,No,Yes,No,Yes,Month-to-month,Yes,Credit card (automatic),48.17,113.42,No
CUST00627,Male,0,No,No,38,Yes,Yes,No,No internet service,No internet service,No internet service,No internet service,No internet service,No internet service,Month-to-month,Yes,Mailed check,32.7,1303.84,No
CUST00628,Male,0,Yes,No,10,Yes,No,DSL,Yes,Yes,No,Yes,Yes,Yes,Month-to-month,Yes,Credit card (automatic),38.93,385.21,No
CUST00629,Male,0,No,Yes,5,Yes,Yes,Fiber optic,No,No,Yes,Yes,Yes,Yes,Month-to-month,No,Bank transfer (automatic),46.96,231.82,No
CUST00630,Male,1,No,No,25,Yes,Yes,No,No internet service,No internet service,No internet service,No internet service,No internet service,No internet service,Month-to-month,No,Bank transfer (automatic),29.35,746.2,No
CUST00631,Male,1,Yes,No,2,Yes,No,No,No internet service,No internet service,No internet service,No internet service,No internet service,No internet service,Month-to-month,Yes,Mailed check,25.92,71.76,No
CUST00632,Male,1,No,No,0,Yes,Yes,No,No internet service,No internet service,No internet service,No internet service,No internet service,No internet service,Month-to-month,Yes,Credit card (automatic),31.27,16.41,No
CUST00633,Male,0,Yes,Yes,22,Yes,No,DSL,No,Yes,No,Yes,No,Yes,Two year,Yes,Bank transfer (automatic),38.49,837.09,Yes
CUST00634,Female,1,Yes,No,20,Yes,Yes,No,No internet service,No internet service,No internet service,No internet service,No internet service,No internet service,One year,Yes,Bank transfer (automatic),32.97,644.47,Yes
CUST00635,Male,0,No,Yes,3,Yes,No,Fiber optic,No,No,Yes,No,No,No,Two year,No,Electronic check,41.95,121.23,Yes
CUST00636,Male,0,No,No,1,Yes,Yes,DSL,No,No,No,Yes,Yes,No,Two year,Yes,Electronic check,34.89,44.48,Yes
CUST00637,Female,0,No,Yes,4,Yes,No,Fiber optic,No,No,No,Yes,Yes,No,Month-to-month,Yes,Credit card (automatic),45.73,167.7,Yes
CUST00638,Male,0,Yes,No,5,Yes,Yes,Fiber optic,Yes,No,Yes,Yes,Yes,No,One year,No,Electronic check,48.72,247.23,Yes
CUST00639,Male,0,No,No,1,Yes,Yes,DSL,Yes,No,Yes,Yes,Yes,Yes,One year,Yes,Mailed check,39.61,32.01,Yes
CUST00640,Female,0,No,No,7,Yes,Yes,Fiber optic,Yes,No,Yes,Yes,Yes,No,Month-to-month,Yes,Electronic check,54.27,344.17,No
CUST00641,Female,0,Yes,Yes,10,Yes,No,Fiber optic,No,No,Yes,No,Yes,Yes,Month-to-month,No,Mailed check,46.17,462.06,No
CUST00642,Male,0,Yes,No,8,Yes,No,Fiber optic,No,No,Yes,No,Yes,No,Two year,Yes,Mailed check,51.2,392.94,No
CUST00643,Male,0,No,Yes,0,Yes,Yes,No,No internet service,No internet service,No internet service,No internet service,No internet service,No internet service,Month-to-month,Yes,Credit card (automatic),24.07,0.0,No
CUST00644,Female,0,Yes,No,13,Yes,Yes,DSL,Yes,Yes,No,No,Yes,Yes,Month-to-month,Yes,Electronic check,40.01,527.5,Yes
CUST00645,Male,0,No,No,21,Yes,Yes,Fiber optic,Yes,Yes,No,Yes,Yes,No,Month-to-month,Yes,Bank transfer (automatic),48.28,1003.89,No
CUST00646,Male,0,No,No,8,No,No phone service,Fiber optic,No,No,No,Yes,Yes,No,Month-to-month,No,Electronic check,47.83,381.4,Yes
CUST00647,Male,1,Yes,No,6,Yes,Yes,DSL,Yes,No,Yes,Yes,Yes,Yes,Two year,No,Mailed check,33.57,162.13,No
CUST00648,Female,0,No,Yes,2,Yes,No,DSL,No,Yes,Yes,Yes,Yes,No,Month-to-month,Yes,Bank transfer (automatic),44.92,122.36,Yes
CUST00649,Male,0,No,No,3,Yes,No,DSL,No,No,No,Yes,Yes,Yes,One year,Yes,Credit card (automatic),25.12,92.64,No
CUST00650,Female,0,No,No,10,No,No phone service,No,No internet service,No internet service,No internet service,No internet service,No internet service,No internet service,Two year,Yes,Bank transfer (automatic),19.06,173.85,No
CUST00651,Female,0,No,No,20,No,No phone service,DSL,No,No,No,Yes,No,No,Month-to-month,No,Electronic check,30.9,614.18,No
CUST00652,Male,0,No,Yes,1,Yes,Yes,DSL,Yes,No,No,Yes,No,Yes,Month-to-month,No,Electronic check,41.29,31.03,Yes
CUST00653,Female,0,No,No,9,No,No phone service,Fiber optic,Yes,Yes,Yes,No,No,Yes,Month-to-month,Yes,Bank transfer (automatic),43.81,403.66,Yes
CUST00654,Female,0,Yes,No,2,Yes,No,DSL,Yes,No,Yes,Yes,No,Yes,Two year,No,Electronic check,37.44,68.72,Yes
CUST00655,Female,0,No,No,0,Yes,Yes,No,No internet service,No internet service,No internet service,No internet service,No internet service,No internet service,Two year,No,Bank transfer (automatic),31.48,7.5,No
CUST00656,Female,0,No,Yes,1,Yes,No,DSL,No,No,Yes,No,Yes,Yes,Month-to-month,No,Bank transfer (automatic),24.76,13.07,Yes
CUST00657,Female,0,Yes,No,30,Yes,No,Fiber optic,Yes,No,No,No,Yes,Yes,Month-to-month,No,Mailed check,52.72,1566.94,No
CUST00658,Female,0,No,No,7,Yes,No,DSL,No,Yes,No,No,Yes,No,Month-to-month,No,Credit card (automatic),33.37,242.74,No
CUST00659,Male,0,No,No,10,Yes,Yes,DSL,Yes,No,Yes,No,Yes,No,Month-to-month,Yes,Electronic check,42.86,421.29,Yes
CUST00660,Female,0,No,Yes,2,Yes,Yes,Fiber optic,No,No,No,No,No,No,Month-to-month,No,Electronic check,51.11,59.61,Yes
CUST00661,Male,1,No,No,8,Yes,Yes,Fiber optic,No,No,No,No,Yes,Yes,Two year,Yes,Electronic check,48.35,386.84,Yes
CUST00662,Female,0,Yes,No,6,Yes,Yes,Fiber optic,Yes,No,No,Yes,Yes,No,One year,Yes,Credit card (automatic),49.76,304.31,Yes
CUST00663,Male,0,Yes,No,3,Yes,No,DSL,No,Yes,No,No,No,No,Two year,No,Credit card (automatic),36.85,92.68,No
CUST00664,Male,0,Yes,No,5,Yes,Yes,DSL,No,No,No,Yes,No,Yes,One year,Yes,Credit card (automatic),33.75,193.89,No
CUST00665,Male,0,No,No,17,Yes,No,No,No internet service,No internet service,No internet service,No internet service,No internet service,No internet service,Month-to-month,No,Mailed check,37.17,609.52,No
CUST00666,Female,1,Yes,No,5,Yes,Yes,Fiber optic,No,No,Yes,No,Yes,Yes,Month-to-month,Yes,Mailed check,51.49,283.37,No
CUST00667,Male,0,No,No,5,No,No phone service,Fiber optic,Yes,Yes,No,No,Yes,Yes,One year,Yes,Mailed check,43.53,221.57,Yes
CUST00668,Male,0,No,No,13,Yes,No,Fiber optic,No,Yes,Yes,Yes,Yes,Yes,Month-to-month,Yes,Electronic check,56.95,731.24,No
CUST00669,Male,1,Yes,No,16,Yes,No,No,No internet service,No internet service,No internet service,No internet service,No internet service,No internet service,Two year,Yes,Electronic check,28.39,434.62,No
CUST00670,Female,0,No,No,15,Yes,Yes,DSL,No,No,No,No,Yes,Yes,Month-to-month,No,Electronic check,42.38,665.15,No
CUST00671,Male,0,No,No,4,Yes,Yes,DSL,No,Yes,Yes,Yes,Yes,Yes,Month-to-month,Yes,Mailed check,35.26,125.05,Yes
CUST00672,Male,0,Yes,Yes,21,Yes,Yes,DSL,No,Yes,Yes,No,No,No,One year,Yes,Credit card (automatic),42.4,886.59,Yes
CUST00673,Male,0,Yes,Yes,2,Yes,No,No,No internet service,No internet service,No internet service,No internet service,No internet service,No internet service,Month-to-month,No,Bank transfer (automatic),24.92,55.81,No
CUST00674,Male,0,No,No,8,Yes,No,Fiber optic,No,No,Yes,No,No,Yes,One year,Yes,Electronic check,50.67,372.75,No
CUST00675,Female,0,Yes,Yes,16,Yes,No,DSL,No,No,Yes,Yes,Yes,No,Month-to-month,Yes,Mailed check,42.53,683.81,No
CUST00676,Male,0,Yes,No,0,Yes,No,DSL,No,Yes,No,Yes,No,No,Two year,Yes,Credit card (automatic),30.26,34.95,No
CUST00677,Female,1,No,No,27,Yes,No,Fiber optic,Yes,No,No,No,No,Yes,Month-to-month,No,Credit card (automatic),54.05,1471.23,No
CUST00678,Male,0,No,No,2,Yes,Yes,Fiber optic,No,Yes,Yes,No,Yes,Yes,Two year,Yes,Credit card (automatic),47.76,74.39,No
CUST00679,Male,0,No,No,1,Yes,Yes,DSL,Yes,No,No,No,No,No,Month-to-month,Yes,Bank transfer (automatic),36.35,70.6,Yes
CUST00680,Female,0,No,No,4,Yes,No,Fiber optic,Yes,No,Yes,Yes,Yes,Yes,Two year,Yes,Bank transfer (automatic),43.96,215.59,Yes
CUST00681,Female,0,Yes,Yes,9,Yes,No,No,No internet service,No internet service,No internet service,No internet service,No internet service,No internet service,Month-to-month,Yes,Electronic check,30.41,287.99,No
CUST00682,Female,0,No,Yes,32,Yes,No,DSL,No,No,No,Yes,Yes,No,Month-to-month,Yes,Mailed check,42.72,1392.49,No
CUST00683,Female,1,No,No,6,Yes,Yes,Fiber optic,No,No,No,No,Yes,Yes,Month-to-month,Yes,Electronic check,53.53,331.31,Yes
CUST00684,Female,0,No,No,7,Yes,Yes,Fiber optic,Yes,No,Yes,Yes,Yes,Yes,Month-to-month,Yes,Credit card (automatic),58.98,424.9,Yes
CUST00685,Male,0,Yes,No,9,Yes,No,Fiber optic,No,No,Yes,Yes,Yes,Yes,Two year,Yes,Credit card (automatic),43.08,399.36,No
CUST00686,Male,0,No,Yes,49,Yes,Yes,Fiber optic,Yes,Yes,No,Yes,Yes,Yes,Month-to-month,Yes,Bank transfer (automatic),50.26,2445.53,Yes
CUST00687,Male,0,No,No,14,Yes,Yes,No,No internet service,No internet service,No internet service,No internet service,No internet service,No internet service,Month-to-month,Yes,Mailed check,25.2,348.12,No
CUST00688,Female,0,No,No,10,Yes,No,Fiber optic,Yes,No,No,Yes,No,Yes,Month-to-month,Yes,Credit card (automatic),57.41,564.68,No
CUST00689,Female,0,Yes,Yes,5,Yes,Yes,DSL,Yes,Yes,No,Yes,Yes,Yes,Month-to-month,No,Credit card (automatic),41.77,198.48,Yes
CUST00690,Female,0,Yes,Yes,1,Yes,No,Fiber optic,Yes,Yes,No,No,No,Yes,Month-to-month,Yes,Credit card (automatic),42.6,0.0,No
CUST00691,Female,0,No,No,5,Yes,Yes,DSL,No,No,Yes,Yes,No,No,Month-to-month,Yes,Bank transfer (automatic),38.42,201.33,Yes
CUST00692,Male,0,Yes,No,4,Yes,No,No,No internet service,No internet service,No internet service,No internet service,No internet service,No internet service,One year,Yes,Mailed check,31.75,135.98,No
CUST00693,Female,0,Yes,No,7,Yes,No,No,No internet service,No internet service,No internet service,No internet service,No internet service,No internet service,Month-to-month,Yes,Mailed check,25.66,173.37,No
CUST00694,Male,1,Yes,No,9,Yes,No,Fiber optic,No,No,No,No,No,Yes,Two year,Yes,Bank transfer (automatic),50.09,454.22,No
CUST00695,Female,0,Yes,No,11,Yes,Yes,DSL,No,Yes,Yes,No,No,Yes,Month-to-month,No,Credit card (automatic),38.1,428.85,Yes
CUST00696,Female,0,Yes,Yes,9,No,No phone service,Fiber optic,Yes,No,No,Yes,No,No,Two year,Yes,Credit card (automatic),47.6,421.67,No
CUST00697,Female,0,Yes,Yes,5,Yes,No,No,No internet service,No internet service,No internet service,No internet service,No internet service,No internet service,Month-to-month,No,Bank transfer (automatic),28.67,137.57,Yes
CUST00698,Female,0,Yes,Yes,13,No,No phone service,DSL,Yes,No,Yes,No,No,No,Month-to-month,Yes,Credit card (automatic),24.82,326.75,Yes
CUST00699,Male,0,Yes,No,2,Yes,No,DSL,No,No,Yes,Yes,No,Yes,Month-to-month,Yes,Mailed check,29.4,52.95,No
CUST00700,Male,0,No,Yes,3,Yes,No,Fiber optic,Yes,No,Yes,Yes,No,No,Month-to-month,No,Credit card (automatic),59.37,178.48,No
CUST00701,Female,0,Yes,No,26,Yes,No,Fiber optic,Yes,No,No,Yes,Yes,No,Month-to-month,Yes,Bank transfer (automatic),62.05,1641.89,Yes
CUST00702,Female,0,Yes,No,9,Yes,Yes,Fiber optic,No,Yes,Yes,No,No,No,Month-to-month,Yes,Credit card (automatic),48.13,469.53,No
CUST00703,Female,0,No,No,1,Yes,No,DSL,Yes,No,Yes,No,Yes,No,Month-to-month,No,Mailed check,35.96,61.06,No
CUST00704,Female,0,No,No,5,Yes,No,No,No internet service,No internet service,No internet service,No internet service,No internet service,No internet service,Month-to-month,Yes,Electronic check,30.07,156.55,No
CUST00705,Female,0,No,No,8,Yes,No,No,No internet service,No internet service,No internet service,No internet service,No internet service,No internet service,Month-to-month,Yes,Electronic check,34.96,244.39,Yes
CUST00706,Male,0,No,No,3,No,No phone service,DSL,Yes,No,No,Yes,No,Yes,Month-to-month,Yes,Electronic check,25.13,83.78,No
CUST00707,Male,0,Yes,Yes,13,Yes,No,Fiber optic,Yes,No,No,No,Yes,Yes,Two year,Yes,Credit card (automatic),59.33,761.8,No
CUST00708,Male,1,No,No,0,Yes,Yes,DSL,Yes,No,No,No,No,Yes,Two year,Yes,Bank transfer (automatic),43.25,21.41,No
CUST00709,Female,0,Yes,No,33,Yes,No,DSL,No,No,Yes,No,Yes,No,Month-to-month,No,Credit card (automatic),43.82,1423.02,Yes
CUST00710,Male,0,No,No,9,Yes,No,DSL,Yes,No,Yes,No,No,Yes,Month-to-month,Yes,Bank transfer (automatic),30.99,273.25,Yes
CUST00711,Female,0,No,No,16,Yes,No,No,No internet service,No internet service,No internet service,No internet service,No internet service,No internet service,Month-to-month,No,Credit card (automatic),29.0,459.51,Yes
CUST00712,Female,0,No,No,11,Yes,No,DSL,No,No,No,Yes,Yes,Yes,Two year,Yes,Electronic check,34.78,370.34,Yes
CUST00713,Male,0,No,No,44,Yes,Yes,No,No internet service,No internet service,No internet service,No internet service,No internet service,No internet service,Two year,No,Mailed check,36.93,1614.77,No
CUST00714,Male,1,No,Yes,6,Yes,No,No,No internet service,No internet service,No internet service,No internet service,No internet service,No internet service,Month-to-month,Yes,Electronic check,21.65,156.27,Yes
CUST00715,Male,0,No,No,0,Yes,Yes,No,No internet service,No internet service,No internet service,No internet service,No internet service,No internet service,Month-to-month,No,Credit card (automatic),26.62,20.09,Yes
CUST00716,Male,0,No,No,6,Yes,No,Fiber optic,No,Yes,Yes,Yes,No,Yes,Month-to-month,Yes,Electronic check,51.41,317.32,Yes
CUST00717,Male,0,Yes,Yes,3,Yes,No,Fiber optic,Yes,No,Yes,No,Yes,Yes,One year,Yes,Bank transfer (automatic),49.39,163.77,No
CUST00718,Female,0,No,No,6,Yes,Yes,Fiber optic,No,Yes,Yes,Yes,No,Yes,Month-to-month,Yes,Bank transfer (automatic),53.36,329.56,Yes
CUST00719,Male,0,Yes,No,20,No,No phone service,DSL,No,Yes,Yes,No,Yes,Yes,Two year,No,Bank transfer (automatic),19.07,369.2,No
CUST00720,Female,0,No,No,2,Yes,No,No,No internet service,No internet service,No internet service,No internet service,No internet service,No internet service,Two year,No,Electronic check,15.87,24.24,Yes
CUST00721,Female,0,No,Yes,9,Yes,Yes,DSL,No,Yes,Yes,No,Yes,Yes,Month-to-month,Yes,Credit card (automatic),38.06,318.82,No
CUST00722,Male,0,No,No,2,Yes,Yes,DSL,No,Yes,No,No,No,No,One year,No,Mailed check,33.1,52.31,No
CUST00723,Male,0,No,Yes,13,Yes,Yes,Fiber optic,No,Yes,No,Yes,No,No,One year,Yes,Credit card (automatic),60.44,768.53,Yes
CUST00724,Male,0,Yes,Yes,3,Yes,No,Fiber optic,No,No,Yes,Yes,Yes,Yes,One year,Yes,Electronic check,45.59,121.72,No
CUST00725,Male,0,No,Yes,13,Yes,Yes,DSL,Yes,No,Yes,No,No,Yes,Two year,Yes,Credit card (automatic),40.18,541.8,No
CUST00726,Female,0,No,No,2,Yes,Yes,Fiber optic,No,Yes,No,No,No,No,Two year,Yes,Bank transfer (automatic),46.5,119.61,No
CUST00727,Female,0,No,No,1,Yes,No,Fiber optic,No,No,Yes,Yes,Yes,Yes,Month-to-month,Yes,Electronic check,53.23,75.54,Yes
CUST00728,Female,1,No,No,4,Yes,Yes,Fiber optic,No,Yes,Yes,No,Yes,No,Month-to-month,Yes,Electronic check,62.21,236.49,Yes
CUST00729,Male,0,Yes,No,4,Yes,No,Fiber optic,Yes,Yes,Yes,No,Yes,No,Month-to-month,No,Electronic check,56.52,230.27,Yes
CUST00730,Female,1,No,No,14,Yes,No,No,No internet service,No internet service,No internet service,No internet service,No internet service,No internet service,Two year,No,Mailed check,33.91,500.32,No
CUST00731,Male,0,Yes,No,20,Yes,No,Fiber optic,Yes,Yes,No,No,No,No,One year,Yes,Bank transfer (automatic),57.32,1131.92,No
CUST00732,Male,1,No,No,1,No,No phone service,DSL,Yes,No,No,Yes,Yes,No,Month-to-month,Yes,Bank transfer (automatic),29.7,38.72,Yes
CUST00733,Female,0,Yes,No,10,Yes,Yes,DSL,No,No,Yes,No,No,Yes,Month-to-month,Yes,Bank transfer (automatic),45.12,469.55,No
CUST00734,Female,0,No,No,3,Yes,Yes,DSL,No,Yes,No,Yes,No,No,Month-to-month,Yes,Mailed check,31.92,110.19,No
CUST00735,Male,0,Yes,No,11,Yes,Yes,Fiber optic,Yes,No,No,Yes,Yes,Yes,Two year,No,Bank transfer (automatic),48.16,543.96,Yes
CUST00736,Male,0,No,No,11,Yes,Yes,Fiber optic,No,Yes,Yes,No,Yes,Yes,Month-to-month,Yes,Bank transfer (automatic),47.97,552.66,No
CUST00737,Female,1,Yes,No,4,Yes,Yes,DSL,No,No,No,No,No,No,One year,Yes,Electronic check,34.22,136.43,Yes
CUST00738,Female,0,No,No,0,Yes,Yes,No,No internet service,No internet service,No internet service,No internet service,No internet service,No internet service,Month-to-month,No,Bank transfer (automatic),24.65,38.23,No
CUST00739,Male,0,Yes,No,4,Yes,Yes,Fiber optic,Yes,Yes,Yes,No,Yes,Yes,One year,No,Credit card (automatic),51.9,209.14,Yes
CUST00740,Female,1,Yes,No,10,Yes,Yes,DSL,No,Yes,No,No,Yes,Yes,Month-to-month,No,Credit card (automatic),37.06,427.97,Yes
CUST00741,Female,0,Yes,No,11,Yes,No,Fiber optic,Yes,No,No,Yes,Yes,Yes,One year,Yes,Mailed check,55.34,603.95,No
CUST00742,Female,0,No,No,15,Yes,No,Fiber optic,Yes,No,Yes,Yes,No,Yes,Month-to-month,Yes,Credit card (automatic),54.14,774.94,No
CUST00743,Male,1,Yes,Yes,18,Yes,Yes,No,No internet service,No internet service,No internet service,No internet service,No internet service,No internet service,Month-to-month,No,Credit card (automatic),39.51,734.39,No
CUST00744,Female,0,Yes,No,0,Yes,No,DSL,No,Yes,Yes,Yes,No,No,Two year,No,Credit card (automatic),30.59,0.0,No
CUST00745,Female,0,No,No,10,Yes,Yes,DSL,Yes,No,No,No,No,No,Month-to-month,No,Bank transfer (automatic),42.83,403.39,No
CUST00746,Male,0,Yes,No,1,Yes,No,DSL,No,No,Yes,Yes,Yes,Yes,Month-to-month,Yes,Bank transfer (automatic),36.36,49.29,Yes
CUST00747,Male,0,Yes,Yes,15,Yes,No,Fiber optic,Yes,No,No,Yes,Yes,No,Month-to-month,Yes,Mailed check,51.11,772.18,Yes
CUST00748,Male,0,No,Yes,5,Yes,Yes,DSL,Yes,No,Yes,No,No,No,Month-to-month,No,Bank transfer (automatic),41.85,211.94,No
CUST00749,Male,0,No,No,8,Yes,No,Fiber optic,Yes,Yes,No,Yes,No,Yes,One year,Yes,Electronic check,52.1,399.97,No
CUST00750,Female,0,Yes,No,5,Yes,Yes,Fiber optic,No,Yes,No,Yes,No,Yes,Two year,No,Electronic check,49.35,242.52,Yes
CUST00751,Male,0,Yes,No,2,Yes,Yes,Fiber optic,No,No,Yes,No,Yes,No,Month-to-month,Yes,Electronic check,50.24,105.97,Yes
CUST00752,Male,1,Yes,Yes,65,Yes,Yes,Fiber optic,Yes,No,No,No,Yes,No,Month-to-month,No,Mailed check,69.38,4516.46,Yes
CUST00753,Female,0,No,No,6,Yes,No,Fiber optic,No,No,No,No,Yes,Yes,Month-to-month,No,Bank transfer (automatic),57.23,366.22,Yes
CUST00754,Female,0,No,No,12,Yes,Yes,DSL,No,Yes,No,No,Yes,No,Two year,No,Credit card (automatic),38.48,441.24,No
CUST00755,Male,0,Yes,No,16,Yes,No,DSL,No,No,No,No,No,No,Month-to-month,Yes,Electronic check,38.2,632.87,No
CUST00756,Female,0,No,Yes,2,Yes,Yes,DSL,No,Yes,Yes,Yes,Yes,No,Month-to-month,Yes,Electronic check,45.83,71.36,No
CUST00757,Female,0,Yes,No,1,No,No phone service,Fiber optic,Yes,Yes,Yes,No,Yes,Yes,Two year,Yes,Mailed check,52.97,40.13,No
CUST00758,Female,0,No,No,0,Yes,Yes,Fiber optic,Yes,Yes,Yes,Yes,Yes,No,One year,Yes,Bank transfer (automatic),50.98,0.0,No
CUST00759,Female,0,Yes,No,12,Yes,Yes,DSL,Yes,No,No,Yes,No,Yes,Month-to-month,Yes,Credit card (automatic),47.25,566.61,Yes
CUST00760,Male,0,Yes,No,11,Yes,Yes,DSL,No,Yes,No,No,No,Yes,Month-to-month,Yes,Electronic check,45.15,508.13,Yes
CUST00761,Female,0,No,No,7,Yes,No,DSL,No,No,No,No,Yes,No,Month-to-month,Yes,Credit card (automatic),39.39,257.33,No
CUST00762,Female,0,No,No,29,Yes,Yes,Fiber optic,Yes,No,No,No,Yes,No,Month-to-month,No,Electronic check,50.67,1494.03,No
CUST00763,Male,0,No,Yes,16,No,No phone service,Fiber optic,Yes,Yes,No,No,Yes,Yes,One year,Yes,Bank transfer (automatic),31.92,487.15,No
CUST00764,Female,0,No,Yes,1,Yes,No,No,No internet service,No internet service,No internet service,No internet service,No internet service,No internet service,Month-to-month,Yes,Credit card (automatic),32.34,33.88,Yes
CUST00765,Female,0,Yes,No,4,Yes,No,Fiber optic,Yes,Yes,No,Yes,No,Yes,One year,Yes,Electronic check,44.55,178.64,No
CUST00766,Male,1,Yes,No,7,Yes,No,Fiber optic,No,Yes,No,No,Yes,No,Month-to-month,No,Bank transfer (automatic),45.63,285.66,Yes
CUST00767,Female,1,No,No,6,Yes,Yes,DSL,Yes,No,No,No,No,Yes,Two year,No,Mailed check,44.12,242.36,No
CUST00768,Male,0,No,No,0,Yes,No,DSL,No,Yes,Yes,No,Yes,Yes,One year,Yes,Bank transfer (automatic),37.0,2.62,Yes
CUST00769,Male,0,Yes,No,11,Yes,No,Fiber optic,Yes,No,Yes,Yes,No,No,Two year,No,Bank transfer (automatic),43.22,505.23,No
CUST00770,Female,0,No,No,5,Yes,Yes,DSL,Yes,Yes,Yes,No,Yes,No,One year,Yes,Credit card (automatic),38.53,178.08,Yes
CUST00771,Female,0,No,No,9,Yes,No,DSL,Yes,Yes,Yes,Yes,Yes,Yes,Month-to-month,No,Bank transfer (automatic),41.78,381.12,No
CUST00772,Male,0,No,Yes,19,Yes,No,Fiber optic,No,No,No,Yes,Yes,No,Month-to-month,Yes,Credit card (automatic),49.72,946.24,No
CUST00773,Female,1,Yes,No,6,Yes,Yes,No,No internet service,No internet service,No internet service,No internet service,No internet service,No internet service,Two year,No,Mailed check,27.35,155.29,Yes
CUST00774,Female,0,No,No,10,Yes,Yes,Fiber optic,No,No,Yes,Yes,No,No,One year,Yes,Credit card (automatic),54.53,575.08,No
CUST00775,Male,0,No,No,7,No,No phone service,DSL,No,Yes,Yes,Yes,No,No,Month-to-month,Yes,Bank transfer (automatic),31.88,231.83,No
CUST00776,Female,0,Yes,No,33,Yes,Yes,Fiber optic,Yes,No,No,No,Yes,No,Month-to-month,Yes,Electronic check,58.78,1889.1,No
CUST00777,Female,1,No,No,13,Yes,No,Fiber optic,Yes,Yes,No,Yes,Yes,Yes,Two year,Yes,Credit card (automatic),59.5,771.83,No
CUST00778,Male,0,Yes,No,48,Yes,Yes,No,No internet service,No internet service,No internet service,No internet service,No internet service,No internet service,Month-to-month,No,Electronic check,36.23,1730.98,Yes
CUST00779,Female,0,No,No,5,Yes,Yes,No,No internet service,No internet service,No internet service,No internet service,No internet service,No internet service,One year,No,Electronic check,31.66,146.51,No
CUST00780,Female,0,No,No,2,Yes,Yes,No,No internet service,No internet service,No internet service,No internet service,No internet service,No internet service,Month-to-month,No,Electronic check,27.36,53.18,No
CUST00781,Male,0,No,No,10,Yes,No,DSL,Yes,No,No,No,Yes,No,Month-to-month,No,Electronic check,42.71,415.91,No
CUST00782,Female,0,Yes,No,11,Yes,Yes,DSL,Yes,Yes,Yes,Yes,No,No,Month-to-month,No,Mailed check,39.53,461.75,No
CUST00783,Female,1,No,No,9,No,No phone service,DSL,Yes,No,Yes,No,No,Yes,Month-to-month,Yes,Credit card (automatic),20.08,190.83,No
CUST00784,Male,0,No,No,2,Yes,No,DSL,No,No,Yes,No,No,No,Month-to-month,No,Credit card (automatic),36.13,59.98,No
CUST00785,Male,0,Yes,No,3,Yes,Yes,No,No internet service,No internet service,No internet service,No internet service,No internet service,No internet service,Month-to-month,No,Bank transfer (automatic),27.64,87.62,Yes
CUST00786,Male,0,Yes,No,2,Yes,No,DSL,Yes,No,Yes,No,No,Yes,Two year,Yes,Mailed check,33.01,40.92,Yes
CUST00787,Female,0,Yes,No,8,Yes,No,Fiber optic,Yes,No,Yes,No,Yes,Yes,Month-to-month,Yes,Electronic check,39.72,310.99,No
CUST00788,Male,0,No,No,8,Yes,Yes,Fiber optic,No,No,No,No,No,Yes,Month-to-month,Yes,Bank transfer (automatic),60.08,518.59,No
CUST00789,Female,0,No,No,38,No,No phone service,No,No internet service,No internet service,No internet service,No internet service,No internet service,No internet service,One year,No,Electronic check,38.12,1460.49,Yes
CUST00790,Female,1,No,No,22,Yes,Yes,DSL,Yes,No,Yes,Yes,Yes,No,One year,Yes,Electronic check,37.13,812.49,Yes
CUST00791,Female,0,No,Yes,1,Yes,No,DSL,Yes,Yes,Yes,Yes,No,No,Month-to-month,Yes,Mailed check,27.01,29.4,Yes
CUST00792,Female,1,Yes,Yes,13,Yes,No,DSL,Yes,No,Yes,No,No,Yes,Two year,No,Credit card (automatic),42.49,510.26,Yes
CUST00793,Male,0,No,Yes,13,Yes,Yes,Fiber optic,No,No,No,No,Yes,No,Month-to-month,No,Electronic check,47.03,646.79,Yes
CUST00794,Male,0,No,Yes,0,Yes,No,DSL,Yes,No,Yes,Yes,Yes,No,Month-to-month,Yes,Credit card (automatic),29.95,0.0,Yes
CUST00795,Male,1,Yes,No,10,Yes,No,DSL,No,Yes,No,No,Yes,Yes,Month-to-month,Yes,Electronic check,32.42,346.89,Yes
CUST00796,Female,0,No,No,1,Yes,No,No,No internet service,No internet service,No internet service,No internet service,No internet service,No internet service,Month-to-month,Yes,Credit card (automatic),32.68,21.97,No
CUST00797,Female,0,Yes,No,7,Yes,No,Fiber optic,No,No,No,Yes,No,No,One year,No,Bank transfer (automatic),46.91,302.13,No
CUST00798,Male,1,No,No,3,Yes,No,No,No internet service,No internet service,No internet service,No internet service,No internet service,No internet service,Month-to-month,Yes,Bank transfer (automatic),30.83,93.51,Yes
CUST00799,Male,0,No,No,6,Yes,No,DSL,No,Yes,Yes,No,No,No,Month-to-month,Yes,Bank transfer (automatic),33.21,220.82,No
CUST00800,Female,0,No,No,10,Yes,Yes,Fiber optic,Yes,No,No,No,Yes,No,Month-to-month,No,Electronic check,54.17,551.21,No
CUST00801,Female,0,No,No,14,Yes,Yes,DSL,Yes,Yes,Yes,No,No,No,Month-to-month,Yes,Mailed check,36.55,490.3,No
CUST00802,Female,0,Yes,No,8,Yes,Yes,Fiber optic,Yes,No,No,No,No,Yes,Month-to-month,No,Electronic check,46.77,406.74,Yes
CUST00803,Female,0,No,No,35,Yes,No,Fiber optic,Yes,Yes,No,No,Yes,No,Month-to-month,No,Mailed check,63.84,2211.03,No
CUST00804,Female,0,No,Yes,5,Yes,Yes,Fiber optic,No,Yes,No,Yes,Yes,No,One year,Yes,Credit card (automatic),58.49,329.6,Yes
CUST00805,Female,0,Yes,Yes,9,Yes,Yes,DSL,No,No,No,No,No,No,Two year,Yes,Bank transfer (automatic),29.82,275.15,No
CUST00806,Female,0,Yes,No,5,Yes,No,DSL,Yes,No,No,No,Yes,Yes,One year,Yes,Bank transfer (automatic),37.65,217.27,Yes
CUST00807,Male,0,Yes,No,10,Yes,No,Fiber optic,No,No,Yes,Yes,Yes,No,One year,Yes,Electronic check,55.28,569.36,No
CUST00808,Female,0,No,No,1,Yes,Yes,Fiber optic,Yes,Yes,No,Yes,Yes,Yes,One year,Yes,Mailed check,47.54,16.18,No
CUST00809,Female,0,No,No,4,Yes,No,DSL,No,Yes,No,No,Yes,No,Month-to-month,Yes,Credit card (automatic),35.79,138.6,Yes
CUST00810,Male,0,No,Yes,0,Yes,No,Fiber optic,Yes,Yes,No,No,No,No,Month-to-month,Yes,Mailed check,53.2,2.46,Yes
CUST00811,Male,0,No,No,1,Yes,No,No,No internet service,No internet service,No internet service,No internet service,No internet service,No internet service,Month-to-month,Yes,Credit card (automatic),34.46,76.87,Yes
CUST00812,Male,0,No,Yes,27,Yes,No,Fiber optic,Yes,Yes,No,No,Yes,Yes,Month-to-month,No,Mailed check,56.55,1548.34,No
CUST00813,Female,0,Yes,Yes,19,Yes,No,Fiber optic,No,Yes,Yes,No,Yes,No,Two year,No,Mailed check,61.59,1161.44,No
CUST00814,Female,0,No,Yes,2,Yes,No,No,No internet service,No internet service,No internet service,No internet service,No internet service,No internet service,Two year,No,Electronic check,26.24,39.71,Yes
CUST00815,Female,0,No,No,9,Yes,Yes,Fiber optic,Yes,No,No,Yes,No,No,One year,Yes,Credit card (automatic),44.02,433.43,No
CUST00816,Female,0,No,Yes,1,Yes,Yes,Fiber optic,No,No,No,Yes,Yes,No,Month-to-month,Yes,Electronic check,50.56,24.69,Yes
CUST00817,Female,0,No,No,6,Yes,No,DSL,No,No,No,No,No,Yes,One year,Yes,Bank transfer (automatic),42.88,280.93,No
CUST00818,Male,1,Yes,No,0,Yes,No,DSL,Yes,No,No,No,No,Yes,One year,No,Mailed check,46.52,0.0,No
CUST00819,Female,0,No,No,32,Yes,Yes,Fiber optic,Yes,Yes,No,No,No,No,One year,Yes,Bank transfer (automatic),59.65,1901.52,Yes
CUST00820,Male,0,No,No,27,Yes,No,No,No internet service,No internet service,No internet service,No internet service,No internet service,No internet service,Month-to-month,Yes,Credit card (automatic),31.28,830.18,Yes
CUST00821,Male,1,No,No,8,Yes,Yes,DSL,No,Yes,Yes,Yes,No,Yes,One year,Yes,Credit card (automatic),30.94,262.7,No
CUST00822,Male,0,No,No,4,Yes,Yes,Fiber optic,No,Yes,No,Yes,No,Yes,Month-to-month,No,Electronic check,44.05,167.9,No
CUST00823,Male,0,No,No,32,Yes,Yes,Fiber optic,Yes,Yes,No,Yes,Yes,No,One year,Yes,Mailed check,61.42,1951.43,No
CUST00824,Male,0,No,Yes,40,Yes,Yes,DSL,No,No,Yes,Yes,No,Yes,Month-to-month,Yes,Electronic check,38.07,1517.12,No
CUST00825,Female,0,Yes,No,10,Yes,No,DSL,Yes,No,Yes,No,Yes,No,Two year,Yes,Credit card (automatic),37.11,341.88,No
CUST00826,Female,0,No,Yes,12,Yes,No,No,No internet service,No internet service,No internet service,No internet service,No internet service,No internet service,Month-to-month,No,Mailed check,28.23,354.04,No
CUST00827,Female,0,Yes,No,2,Yes,No,DSL,Yes,No,Yes,No,No,No,Month-to-month,Yes,Credit card (automatic),35.95,73.42,Yes
CUST00828,Female,0,Yes,No,27,Yes,Yes,DSL,Yes,Yes,Yes,No,No,No,One year,Yes,Bank transfer (automatic),38.7,1052.3,No
CUST00829,Male,0,No,Yes,4,Yes,No,Fiber optic,Yes,Yes,No,No,No,No,Month-to-month,Yes,Bank transfer (automatic),50.68,188.15,Yes
CUST00830,Female,0,Yes,No,4,Yes,No,Fiber optic,No,No,No,Yes,No,Yes,Two year,Yes,Mailed check,52.09,212.61,Yes
CUST00831,Female,1,No,Yes,23,Yes,Yes,Fiber optic,No,No,No,Yes,No,No,One year,Yes,Mailed check,51.78,1199.4,No
CUST00832,Male,1,No,No,13,Yes,Yes,DSL,No,No,No,Yes,No,No,Month-to-month,No,Credit card (automatic),37.64,447.59,No
CUST00833,Male,0,Yes,No,1,Yes,No,Fiber optic,No,Yes,No,Yes,Yes,No,Two year,No,Mailed check,55.15,42.85,No
CUST00834,Male,0,No,No,36,Yes,No,DSL,No,No,Yes,Yes,Yes,No,Two year,Yes,Credit card (automatic),48.16,1708.6,No
CUST00835,Male,0,Yes,No,34,Yes,No,DSL,No,No,Yes,Yes,Yes,No,Month-to-month,No,Electronic check,45.88,1551.39,Yes
CUST00836,Male,0,No,No,16,Yes,No,No,No internet service,No internet service,No internet service,No internet service,No internet service,No internet service,Two year,No,Bank transfer (automatic),27.48,456.08,No
CUST00837,Female,0,Yes,No,0,Yes,Yes,Fiber optic,Yes,Yes,Yes,No,Yes,Yes,One year,Yes,Bank transfer (automatic),48.98,36.13,No
CUST00838,Female,0,No,No,2,Yes,No,DSL,No,No,No,Yes,No,No,Month-to-month,No,Electronic check,36.29,97.16,Yes
CUST00839,Male,0,Yes,No,8,Yes,Yes,Fiber optic,No,No,Yes,No,Yes,Yes,One year,Yes,Mailed check,47.3,424.3,No
CUST00840,Male,0,Yes,No,14,Yes,Yes,Fiber optic,Yes,No,No,Yes,Yes,Yes,Month-to-month,Yes,Bank transfer (automatic),58.89,845.61,Yes
CUST00841,Male,1,No,Yes,15,Yes,Yes,No,No internet service,No internet service,No internet service,No internet service,No internet service,No internet service,Two year,Yes,Credit card (automatic),31.9,459.94,No
CUST00842,Male,0,No,No,39,Yes,No,DSL,No,No,Yes,Yes,No,Yes,Month-to-month,Yes,Electronic check,48.13,1906.12,Yes
CUST00843,Male,0,No,Yes,34,Yes,No,Fiber optic,No,No,Yes,Yes,Yes,No,Month-to-month,Yes,Credit card (automatic),61.78,2085.93,Yes
CUST00844,Male,0,Yes,No,0,Yes,Yes,Fiber optic,No,Yes,No,No,Yes,Yes,One year,No,Credit card (automatic),52.12,0.79,No
CUST00845,Male,0,No,No,5,Yes,No,DSL,Yes,Yes,Yes,Yes,Yes,Yes,One year,No,Electronic check,22.39,130.8,No
CUST00846,Male,0,No,No,8,Yes,No,No,No internet service,No internet service,No internet service,No internet service,No internet service,No internet service,Month-to-month,Yes,Mailed check,30.69,243.39,No
CUST00847,Male,0,Yes,No,6,Yes,Yes,Fiber optic,No,No,No,No,No,Yes,One year,Yes,Credit card (automatic),58.2,341.56,Yes
CUST00848,Male,0,No,Yes,12,Yes,No,Fiber optic,Yes,Yes,Yes,Yes,No,Yes,Month-to-month,No,Electronic check,46.4,510.48,Yes
CUST00849,Female,0,No,No,8,Yes,No,DSL,Yes,No,No,No,No,Yes,Month-to-month,Yes,Electronic check,41.08,295.2,No
CUST00850,Female,0,No,No,30,Yes,Yes,DSL,Yes,Yes,Yes,Yes,Yes,No,Month-to-month,No,Mailed check,38.71,1158.11,Yes
CUST00851,Male,0,Yes,No,2,Yes,No,Fiber optic,No,Yes,No,No,No,Yes,One year,No,Electronic check,52.79,119.17,Yes
CUST00852,Female,0,No,No,0,No,No phone service,DSL,Yes,Yes,Yes,No,No,Yes,One year,Yes,Bank transfer (automatic),26.61,3.36,No
CUST00853,Male,0,No,No,8,Yes,No,No,No internet service,No internet service,No internet service,No internet service,No internet service,No internet service,Month-to-month,Yes,Credit card (automatic),25.43,173.65,No
CUST00854,Male,0,No,No,1,Yes,No,DSL,Yes,No,No,No,No,Yes,One year,Yes,Bank transfer (automatic),41.46,32.5,No
CUST00855,Male,0,No,No,13,Yes,Yes,DSL,No,Yes,Yes,No,Yes,No,Month-to-month,Yes,Electronic check,43.29,563.33,No
CUST00856,Male,0,Yes,No,18,No,No phone service,DSL,Yes,Yes,Yes,No,Yes,Yes,Two year,Yes,Mailed check,29.99,539.37,No
CUST00857,Male,1,Yes,Yes,16,Yes,Yes,No,No internet service,No internet service,No internet service,No internet service,No internet service,No internet service,One year,Yes,Credit card (automatic),34.44,518.53,No
CUST00858,Male,1,Yes,No,1,No,No phone service,DSL,No,No,No,No,Yes,No,Month-to-month,Yes,Bank transfer (automatic),20.32,46.39,Yes
CUST00859,Male,0,No,No,3,No,No phone service,DSL,No,Yes,Yes,No,Yes,Yes,Month-to-month,Yes,Credit card (automatic),22.97,89.51,No
CUST00860,Female,0,No,Yes,4,Yes,Yes,No,No internet service,No internet service,No internet service,No internet service,No internet service,No internet service,Month-to-month,No,Electronic check,26.89,92.37,Yes
CUST00861,Male,0,Yes,Yes,9,Yes,No,DSL,Yes,No,Yes,No,Yes,No,Month-to-month,Yes,Credit card (automatic),33.5,268.21,Yes
CUST00862,Male,1,Yes,No,28,No,No phone service,DSL,No,Yes,No,No,Yes,No,Month-to-month,Yes,Credit card (automatic),20.22,564.44,Yes
CUST00863,Female,1,Yes,Yes,0,No,No phone service,Fiber optic,No,Yes,No,No,No,Yes,One year,No,Bank transfer (automatic),34.72,0.0,Yes
CUST00864,Female,0,No,No,18,Yes,No,No,No internet service,No internet service,No internet service,No internet service,No internet service,No internet service,Month-to-month,Yes,Credit card (automatic),35.18,615.54,Yes
CUST00865,Male,0,No,Yes,28,Yes,No,DSL,No,No,No,Yes,Yes,Yes,One year,Yes,Mailed check,43.03,1195.48,No
CUST00866,Female,0,No,No,37,Yes,No,Fiber optic,Yes,No,No,No,Yes,No,Two year,No,Credit card (automatic),60.33,2223.96,Yes
CUST00867,Male,1,Yes,Yes,0,Yes,No,DSL,No,Yes,No,No,No,No,Month-to-month,No,Bank transfer (automatic),42.85,1.37,No
CUST00868,Female,1,No,No,20,Yes,No,Fiber optic,Yes,Yes,No,No,No,Yes,Two year,No,Bank transfer (automatic),53.18,1067.84,No
CUST00869,Female,0,No,No,5,Yes,Yes,DSL,No,Yes,Yes,No,No,No,One year,No,Mailed check,40.66,158.63,Yes
CUST00870,Female,0,No,No,2,Yes,No,No,No internet service,No internet service,No internet service,No internet service,No internet service,No internet service,One year,No,Bank transfer (automatic),30.57,21.77,No
CUST00871,Male,0,Yes,No,12,No,No phone service,Fiber optic,No,Yes,No,Yes,Yes,Yes,Month-to-month,Yes,Credit card (automatic),43.22,494.73,Yes
CUST00872,Female,0,Yes,No,6,Yes,Yes,No,No internet service,No internet service,No internet service,No internet service,No internet service,No internet service,Month-to-month,No,Bank transfer (automatic),29.29,173.27,Yes
CUST00873,Male,0,Yes,Yes,35,Yes,Yes,Fiber optic,No,Yes,No,Yes,Yes,Yes,Two year,Yes,Mailed check,59.02,2054.71,Yes
CUST00874,Male,1,Yes,Yes,5,Yes,No,No,No internet service,No internet service,No internet service,No internet service,No internet service,No internet service,Month-to-month,Yes,Mailed check,27.65,161.68,No
CUST00875,Female,0,Yes,No,1,Yes,No,Fiber optic,No,No,No,No,No,Yes,Month-to-month,Yes,Mailed check,51.59,68.83,No
CUST00876,Female,0,No,No,4,Yes,Yes,DSL,No,No,Yes,Yes,No,Yes,Month-to-month,Yes,Electronic check,40.98,135.46,Yes
CUST00877,Female,0,No,No,10,Yes,Yes,DSL,No,Yes,No,No,Yes,Yes,One year,Yes,Bank transfer (automatic),34.78,371.44,Yes
CUST00878,Female,0,No,No,3,Yes,No,Fiber optic,Yes,No,Yes,No,No,No,Month-to-month,Yes,Credit card (automatic),55.49,139.04,No
CUST00879,Male,0,No,No,5,Yes,Yes,No,No internet service,No internet service,No internet service,No internet service,No internet service,No internet service,Month-to-month,No,Electronic check,28.56,153.47,Yes
CUST00880,Male,0,No,No,2,Yes,Yes,DSL,Yes,Yes,Yes,No,Yes,No,Month-to-month,No,Credit card (automatic),41.88,61.62,Yes
CUST00881,Female,0,Yes,No,4,Yes,Yes,DSL,No,Yes,No,No,No,Yes,Month-to-month,Yes,Mailed check,36.51,134.48,Yes
CUST00882,Female,0,No,No,1,Yes,Yes,Fiber optic,Yes,Yes,Yes,No,Yes,Yes,Month-to-month,No,Electronic check,47.94,32.15,Yes
CUST00883,Male,1,Yes,No,0,Yes,No,No,No internet service,No internet service,No internet service,No internet service,No internet service,No internet service,Two year,Yes,Credit card (automatic),24.69,0.0,No
CUST00884,Male,1,No,No,2,Yes,Yes,Fiber optic,Yes,No,Yes,Yes,No,Yes,One year,No,Electronic check,52.0,137.07,No
CUST00885,Female,0,No,Yes,9,Yes,Yes,No,No internet service,No internet service,No internet service,No internet service,No internet service,No internet service,Month-to-month,No,Bank transfer (automatic),29.45,256.47,No
CUST00886,Female,0,No,No,5,Yes,No,No,No internet service,No internet service,No internet service,No internet service,No internet service,No internet service,One year,Yes,Mailed check,27.3,160.34,No
CUST00887,Female,0,Yes,No,10,Yes,No,DSL,Yes,No,Yes,Yes,No,No,One year,No,Bank transfer (automatic),35.8,324.6,No
CUST00888,Female,0,Yes,No,30,Yes,No,Fiber optic,No,Yes,No,Yes,No,Yes,Month-to-month,Yes,Credit card (automatic),46.78,1385.59,No
CUST00889,Female,0,No,No,8,Yes,Yes,Fiber optic,Yes,Yes,Yes,No,Yes,No,One year,Yes,Electronic check,55.09,435.66,No
CUST00890,Female,0,Yes,No,20,Yes,No,Fiber optic,Yes,No,Yes,Yes,Yes,No,Two year,No,Bank transfer (automatic),50.0,961.84,No
CUST00891,Male,0,No,No,18,Yes,Yes,DSL,No,Yes,Yes,No,Yes,Yes,One year,No,Bank transfer (automatic),39.4,720.63,No
CUST00892,Male,0,No,No,22,Yes,No,DSL,Yes,Yes,No,No,No,Yes,Two year,No,Bank transfer (automatic),36.62,803.04,No
CUST00893,Female,0,No,No,7,Yes,No,No,No internet service,No internet service,No internet service,No internet service,No internet service,No internet service,Month-to-month,No,Bank transfer (automatic),27.69,219.66,No
CUST00894,Male,0,No,No,16,Yes,No,DSL,Yes,Yes,Yes,Yes,Yes,No,Month-to-month,Yes,Mailed check,31.12,502.29,Yes
CUST00895,Female,0,No,No,7,Yes,No,Fiber optic,No,No,Yes,Yes,No,Yes,Two year,Yes,Credit card (automatic),46.98,277.09,No
CUST00896,Male,0,Yes,No,14,Yes,Yes,DSL,Yes,No,Yes,Yes,Yes,Yes,Month-to-month,Yes,Mailed check,36.07,472.75,Yes
CUST00897,Female,0,No,Yes,0,No,No phone service,Fiber optic,Yes,Yes,No,Yes,Yes,Yes,Month-to-month,No,Mailed check,43.76,0.0,No
CUST00898,Female,0,No,No,1,Yes,No,DSL,No,Yes,Yes,Yes,Yes,No,One year,Yes,Credit card (automatic),38.56,69.12,No
CUST00899,Male,0,No,No,44,Yes,Yes,DSL,No,Yes,Yes,Yes,No,Yes,One year,Yes,Bank transfer (automatic),34.5,1535.28,No
CUST00900,Female,0,Yes,No,27,Yes,Yes,Fiber optic,Yes,No,Yes,Yes,Yes,Yes,Month-to-month,No,Credit card (automatic),53.65,1433.1,No
CUST00901,Female,0,Yes,No,6,Yes,Yes,Fiber optic,No,No,No,No,Yes,No,Month-to-month,Yes,Mailed check,57.02,340.37,Yes
CUST00902,Female,1,No,Yes,1,No,No phone service,No,No internet service,No internet service,No internet service,No internet service,No internet service,No internet service,Two year,Yes,Electronic check,22.89,31.45,Yes
CUST00903,Female,0,No,Yes,2,Yes,Yes,No,No internet service,No internet service,No internet service,No internet service,No internet service,No internet service,Month-to-month,No,Mailed check,31.97,100.7,No
CUST00904,Female,0,No,No,2,Yes,No,No,No internet service,No internet service,No internet service,No internet service,No internet service,No internet service,Month-to-month,Yes,Credit card (automatic),29.94,55.09,No
CUST00905,Male,1,No,Yes,13,Yes,Yes,Fiber optic,No,No,No,No,No,Yes,Month-to-month,Yes,Credit card (automatic),55.54,720.34,No
CUST00906,Female,1,No,No,8,Yes,No,DSL,Yes,No,Yes,No,No,Yes,Two year,Yes,Mailed check,33.56,275.74,No
CUST00907,Female,0,No,Yes,9,No,No phone service,Fiber optic,Yes,No,Yes,Yes,No,No,Month-to-month,No,Mailed check,36.05,331.38,Yes
CUST00908,Female,0,Yes,No,42,Yes,Yes,Fiber optic,Yes,Yes,Yes,Yes,Yes,No,Two year,Yes,Bank transfer (automatic),60.18,2531.39,No
CUST00909,Male,0,No,No,2,Yes,Yes,Fiber optic,No,No,No,No,Yes,No,Month-to-month,No,Mailed check,55.98,142.12,No
CUST00910,Male,0,Yes,Yes,9,No,No phone service,Fiber optic,No,No,Yes,Yes,Yes,No,Month-to-month,Yes,Credit card (automatic),43.01,345.45,Yes
CUST00911,Female,0,Yes,Yes,2,Yes,No,No,No internet service,No internet service,No internet service,No internet service,No internet service,No internet service,One year,Yes,Electronic check,29.77,43.02,No
CUST00912,Female,0,No,No,3,Yes,Yes,No,No internet service,No internet service,No internet service,No internet service,No internet service,No internet service,Month-to-month,Yes,Bank transfer (automatic),20.72,77.18,No
CUST00913,Female,1,No,Yes,8,No,No phone service,No,No internet service,No internet service,No internet service,No internet service,No internet service,No internet service,Month-to-month,No,Bank transfer (automatic),27.52,202.98,Yes
CUST00914,Male,0,Yes,No,4,Yes,No,No,No internet service,No internet service,No internet service,No internet service,No internet service,No internet service,Month-to-month,Yes,Bank transfer (automatic),39.02,163.29,Yes
CUST00915,Male,0,No,No,43,Yes,Yes,Fiber optic,No,No,No,No,Yes,No,One year,No,Credit card (automatic),70.55,3041.19,No
CUST00916,Male,0,Yes,Yes,6,Yes,Yes,Fiber optic,Yes,No,No,Yes,No,No,Month-to-month,No,Bank transfer (automatic),48.76,305.23,Yes
CUST00917,Female,0,Yes,No,17,Yes,No,Fiber optic,No,Yes,No,No,Yes,No,Month-to-month,Yes,Credit card (automatic),53.99,904.35,Yes
CUST00918,Male,0,No,No,0,Yes,Yes,DSL,Yes,Yes,Yes,Yes,Yes,No,Month-to-month,Yes,Mailed check,34.6,0.0,No
CUST00919,Male,0,No,Yes,6,Yes,No,No,No internet service,No internet service,No internet service,No internet service,No internet service,No internet service,One year,Yes,Credit card (automatic),30.89,174.3,No
CUST00920,Female,0,No,Yes,4,Yes,Yes,DSL,Yes,Yes,Yes,Yes,Yes,No,One year,Yes,Electronic check,32.41,123.28,No
CUST00921,Male,0,Yes,No,17,Yes,Yes,Fiber optic,No,Yes,No,No,Yes,No,Month-to-month,Yes,Mailed check,54.8,951.92,No
CUST00922,Male,0,Yes,No,11,Yes,Yes,Fiber optic,Yes,Yes,Yes,No,Yes,Yes,Month-to-month,No,Bank transfer (automatic),46.44,454.06,No
CUST00923,Female,0,No,No,4,Yes,No,Fiber optic,Yes,No,No,Yes,Yes,Yes,Month-to-month,Yes,Electronic check,55.17,220.07,Yes
CUST00924,Female,0,Yes,No,3,Yes,Yes,No,No internet service,No internet service,No internet service,No internet service,No internet service,No internet service,One year,Yes,Bank transfer (automatic),35.26,97.48,No
CUST00925,Male,0,No,No,1,Yes,No,Fiber optic,No,No,No,No,No,No,Month-to-month,No,Mailed check,57.05,24.39,Yes
CUST00926,Male,0,Yes,No,32,Yes,No,DSL,No,No,No,No,Yes,Yes,One year,Yes,Electronic check,36.3,1165.73,No
CUST00927,Male,0,No,No,6,Yes,Yes,Fiber optic,Yes,No,Yes,Yes,Yes,Yes,Month-to-month,Yes,Mailed check,52.84,333.85,No
CUST00928,Female,0,Yes,Yes,1,Yes,No,No,No internet service,No internet service,No internet service,No internet service,No internet service,No internet service,Two year,Yes,Mailed check,25.24,12.58,No
CUST00929,Female,0,No,No,13,Yes,Yes,Fiber optic,Yes,No,Yes,Yes,No,No,One year,Yes,Credit card (automatic),48.03,612.87,No
CUST00930,Male,0,No,Yes,3,Yes,Yes,DSL,No,No,Yes,Yes,No,No,One year,No,Mailed check,33.37,102.37,No
CUST00931,Female,0,No,No,1,Yes,No,Fiber optic,Yes,No,Yes,No,No,No,One year,Yes,Bank transfer (automatic),48.75,41.52,No
CUST00932,Male,0,No,No,10,Yes,Yes,Fiber optic,Yes,Yes,No,No,Yes,No,Month-to-month,Yes,Mailed check,58.56,581.11,No
CUST00933,Female,0,Yes,No,9,Yes,No,DSL,No,Yes,No,Yes,No,Yes,Month-to-month,Yes,Electronic check,35.77,337.14,No
CUST00934,Female,0,Yes,No,32,Yes,No,No,No internet service,No internet service,No internet service,No internet service,No internet service,No internet service,Month-to-month,Yes,Mailed check,30.91,1017.53,No
CUST00935,Male,0,No,No,4,Yes,Yes,Fiber optic,Yes,No,Yes,No,No,Yes,Month-to-month,Yes,Bank transfer (automatic),55.89,238.97,No
CUST00936,Male,0,Yes,No,19,Yes,No,Fiber optic,Yes,No,No,Yes,No,No,Month-to-month,Yes,Bank transfer (automatic),53.14,1011.11,Yes
CUST00937,Male,0,No,No,4,Yes,Yes,DSL,Yes,Yes,Yes,No,No,No,Month-to-month,No,Credit card (automatic),41.86,157.58,Yes
CUST00938,Male,1,No,No,2,Yes,No,Fiber optic,Yes,No,No,Yes,Yes,Yes,Month-to-month,No,Mailed check,56.13,96.71,Yes
CUST00939,Male,0,Yes,Yes,7,Yes,Yes,Fiber optic,No,No,Yes,No,No,Yes,Month-to-month,Yes,Credit card (automatic),47.2,345.4,Yes
CUST00940,Female,0,No,No,7,Yes,Yes,Fiber optic,Yes,No,Yes,Yes,Yes,Yes,Month-to-month,No,Mailed check,49.13,323.11,Yes
CUST00941,Female,0,Yes,Yes,10,Yes,Yes,No,No internet service,No internet service,No internet service,No internet service,No internet service,No internet service,Month-to-month,Yes,Credit card (automatic),40.42,424.2,No
CUST00942,Female,0,Yes,No,6,Yes,No,Fiber optic,Yes,Yes,Yes,Yes,Yes,No,Month-to-month,No,Bank transfer (automatic),49.98,299.93,No
CUST00943,Male,0,Yes,Yes,0,Yes,No,DSL,No,No,Yes,Yes,No,No,Month-to-month,No,Credit card (automatic),35.77,0.0,Yes
CUST00944,Male,0,No,No,28,Yes,No,DSL,Yes,Yes,No,Yes,Yes,Yes,One year,No,Bank transfer (automatic),43.69,1256.09,No
CUST00945,Male,1,No,No,7,Yes,Yes,Fiber optic,Yes,No,Yes,Yes,No,Yes,Month-to-month,Yes,Bank transfer (automatic),39.61,266.97,No
CUST00946,Male,0,No,No,1,Yes,No,No,No internet service,No internet service,No internet service,No internet service,No internet service,No internet service,One year,Yes,Credit card (automatic),29.9,52.46,Yes
CUST00947,Female,0,No,No,6,No,No phone service,No,No internet service,No internet service,No internet service,No internet service,No internet service,No internet service,Month-to-month,No,Electronic check,19.95,126.08,No
CUST00948,Male,0,No,No,0,No,No phone service,No,No internet service,No internet service,No internet service,No internet service,No internet service,No internet service,Month-to-month,Yes,Mailed check,20.06,9.6,Yes
CUST00949,Male,0,Yes,Yes,23,Yes,No,Fiber optic,No,Yes,No,No,Yes,No,One year,No,Bank transfer (automatic),49.84,1134.24,Yes
CUST00950,Male,0,Yes,No,18,Yes,Yes,DSL,Yes,No,Yes,Yes,Yes,Yes,One year,Yes,Bank transfer (automatic),30.89,552.81,No
CUST00951,Female,0,Yes,No,33,Yes,Yes,DSL,No,No,Yes,Yes,No,No,Two year,Yes,Electronic check,34.95,1152.13,No
CUST00952,Male,0,No,No,14,Yes,No,Fiber optic,Yes,No,Yes,No,Yes,Yes,One year,No,Electronic check,54.19,748.48,No
CUST00953,Female,0,No,No,0,Yes,Yes,DSL,Yes,No,No,No,Yes,No,One year,Yes,Mailed check,34.51,0.0,No
CUST00954,Female,0,No,No,0,Yes,No,Fiber optic,No,No,Yes,No,No,No,Two year,Yes,Bank transfer (automatic),51.98,5.27,No
CUST00955,Male,0,Yes,No,7,Yes,Yes,No,No internet service,No internet service,No internet service,No internet service,No internet service,No internet service,Month-to-month,No,Mailed check,35.87,245.98,No
CUST00956,Female,0,No,No,11,Yes,Yes,No,No internet service,No internet service,No internet service,No internet service,No internet service,No internet service,One year,No,Credit card (automatic),17.16,200.18,No
CUST00957,Male,1,No,No,1,No,No phone service,Fiber optic,Yes,Yes,No,Yes,Yes,No,Month-to-month,Yes,Bank transfer (automatic),31.97,44.06,Yes
CUST00958,Female,0,No,No,72,Yes,No,Fiber optic,Yes,Yes,No,Yes,Yes,Yes,Two year,No,Electronic check,64.95,4663.87,Yes
CUST00959,Female,0,Yes,Yes,6,No,No phone service,DSL,No,No,Yes,Yes,Yes,Yes,Month-to-month,Yes,Mailed check,17.68,107.56,Yes
CUST00960,Male,0,No,No,4,Yes,No,No,No internet service,No internet service,No internet service,No internet service,No internet service,No internet service,Month-to-month,Yes,Credit card (automatic),34.79,101.97,No
CUST00961,Male,0,No,No,19,Yes,Yes,DSL,No,Yes,No,Yes,No,No,Month-to-month,Yes,Credit card (automatic),37.2,707.3,Yes
CUST00962,Female,0,No,No,14,Yes,No,No,No internet service,No internet service,No internet service,No internet service,No internet service,No internet service,One year,No,Credit card (automatic),34.42,445.8,No
CUST00963,Male,0,No,No,2,Yes,No,Fiber optic,Yes,Yes,Yes,No,No,No,Month-to-month,No,Electronic check,62.96,125.11,Yes
CUST00964,Female,0,Yes,No,14,Yes,Yes,Fiber optic,Yes,Yes,Yes,Yes,No,Yes,Month-to-month,Yes,Credit card (automatic),54.18,758.69,No
CUST00965,Male,0,Yes,Yes,17,Yes,Yes,No,No internet service,No internet service,No internet service,No internet service,No internet service,No internet service,Month-to-month,Yes,Bank transfer (automatic),31.42,511.52,Yes
CUST00966,Female,0,No,No,18,No,No phone service,DSL,No,No,Yes,Yes,No,Yes,One year,Yes,Mailed check,35.87,644.1,No
CUST00967,Male,0,Yes,No,19,Yes,Yes,Fiber optic,Yes,Yes,Yes,Yes,Yes,Yes,Month-to-month,Yes,Credit card (automatic),50.0,935.58,No
CUST00968,Male,0,No,No,0,Yes,Yes,Fiber optic,Yes,No,No,No,Yes,Yes,Month-to-month,No,Bank transfer (automatic),50.82,43.92,Yes
CUST00969,Female,1,No,No,10,No,No phone service,No,No internet service,No internet service,No internet service,No internet service,No internet service,No internet service,Month-to-month,Yes,Mailed check,27.29,276.88,No
CUST00970,Male,0,No,No,5,Yes,No,Fiber optic,Yes,No,Yes,Yes,Yes,Yes,Month-to-month,Yes,Credit card (automatic),50.54,234.94,Yes
CUST00971,Male,1,Yes,No,3,Yes,No,Fiber optic,Yes,No,Yes,No,Yes,No,Two year,Yes,Credit card (automatic),46.85,115.62,No
CUST00972,Female,1,No,Yes,7,Yes,Yes,DSL,Yes,Yes,Yes,No,Yes,Yes,Month-to-month,No,Bank transfer (automatic),37.85,225.04,No
CUST00973,Male,0,No,No,16,Yes,Yes,No,No internet service,No internet service,No internet service,No internet service,No internet service,No internet service,One year,Yes,Bank transfer (automatic),25.33,380.86,No
CUST00974,Female,0,No,No,4,Yes,Yes,Fiber optic,No,Yes,Yes,No,No,Yes,Month-to-month,Yes,Electronic check,47.81,171.91,No
CUST00975,Male,0,No,No,7,Yes,Yes,Fiber optic,No,No,No,No,No,No,Two year,No,Credit card (automatic),52.85,370.87,No
CUST00976,Female,0,Yes,No,15,Yes,Yes,Fiber optic,Yes,No,No,Yes,No,No,Two year,No,Mailed check,49.1,740.56,No
CUST00977,Female,0,No,No,10,Yes,Yes,DSL,No,Yes,No,No,No,No,One year,No,Mailed check,32.88,342.47,No
CUST00978,Male,0,No,No,22,Yes,No,Fiber optic,No,Yes,No,Yes,Yes,No,One year,Yes,Bank transfer (automatic),46.98,1029.39,Yes
CUST00979,Male,1,No,No,0,Yes,No,Fiber optic,No,No,No,Yes,No,Yes,Month-to-month,No,Credit card (automatic),47.17,0.0,No
CUST00980,Male,0,Yes,No,1,Yes,No,Fiber optic,No,No,Yes,No,Yes,No,One year,Yes,Electronic check,45.28,29.43,Yes
CUST00981,Female,0,No,No,14,Yes,Yes,Fiber optic,Yes,Yes,Yes,No,Yes,No,Month-to-month,Yes,Credit card (automatic),49.87,673.37,Yes
CUST00982,Male,1,Yes,No,37,Yes,Yes,DSL,No,No,No,Yes,Yes,Yes,One year,Yes,Bank transfer (automatic),39.25,1466.89,Yes
CUST00983,Female,0,No,Yes,3,Yes,No,Fiber optic,Yes,No,Yes,Yes,Yes,Yes,One year,No,Bank transfer (automatic),58.26,175.43,No
CUST00984,Female,1,Yes,Yes,5,Yes,Yes,Fiber optic,Yes,Yes,Yes,No,Yes,Yes,Month-to-month,Yes,Credit card (automatic),45.36,249.36,Yes
CUST00985,Female,0,Yes,Yes,0,Yes,No,Fiber optic,No,No,Yes,No,Yes,No,Month-to-month,No,Bank transfer (automatic),41.39,0.0,No
CUST00986,Female,0,Yes,No,4,Yes,No,Fiber optic,No,Yes,Yes,No,Yes,No,Month-to-month,Yes,Credit card (automatic),47.82,209.29,Yes
CUST00987,Female,0,Yes,No,14,Yes,No,No,No internet service,No internet service,No internet service,No internet service,No internet service,No internet service,One year,Yes,Electronic check,38.22,567.16,No
CUST00988,Female,0,No,Yes,16,Yes,No,Fiber optic,No,No,No,No,Yes,No,Month-to-month,Yes,Bank transfer (automatic),44.89,728.31,No
CUST00989,Female,0,No,Yes,10,Yes,Yes,No,No internet service,No internet service,No internet service,No internet service,No internet service,No internet service,Two year,Yes,Mailed check,32.85,347.61,No
CUST00990,Male,0,No,Yes,0,Yes,Yes,DSL,No,No,Yes,No,Yes,No,Month-to-month,No,Mailed check,34.76,0.0,Yes
CUST00991,Female,0,Yes,No,8,Yes,Yes,Fiber optic,Yes,No,No,No,Yes,Yes,Month-to-month,No,Electronic check,45.83,349.74,Yes
CUST00992,Male,0,No,No,31,Yes,Yes,Fiber optic,No,Yes,Yes,Yes,Yes,Yes,Month-to-month,Yes,Bank transfer (automatic),58.22,1819.14,Yes
CUST00993,Male,0,No,No,19,Yes,Yes,DSL,Yes,Yes,Yes,No,No,No,Month-to-month,Yes,Electronic check,36.75,703.94,No
CUST00994,Male,0,Yes,No,10,Yes,No,DSL,No,No,No,No,No,No,Two year,No,Bank transfer (automatic),34.02,382.16,No
CUST00995,Female,0,No,No,12,Yes,No,DSL,Yes,Yes,Yes,No,No,Yes,One year,Yes,Credit card (automatic),36.78,425.26,No
CUST00996,Female,0,Yes,No,1,Yes,Yes,DSL,Yes,No,Yes,No,No,Yes,Month-to-month,No,Credit card (automatic),40.17,53.09,Yes
CUST00997,Female,0,No,No,1,Yes,Yes,Fiber optic,No,Yes,Yes,Yes,Yes,No,Month-to-month,Yes,Credit card (automatic),50.59,71.67,Yes
CUST00998,Female,0,Yes,No,12,Yes,No,DSL,No,Yes,No,No,Yes,No,Two year,Yes,Electronic check,38.19,461.8,No
CUST00999,Male,0,No,No,1,Yes,Yes,Fiber optic,No,Yes,No,No,No,No,Month-to-month,Yes,Bank transfer (automatic),48.17,35.83,Yes
